job_id,case_id,tap,status,reference_class,audio_sha256,cache_key,source_frames,delivered_frames,source_seconds,elapsed_seconds,session_event_rows,archive_event_rows,clock_rows,transcript_event_rows,latest_utterances,caption_rows,unique_word_spans,duplicate_span_ids,span_speaker_revisions_after_first,span_missing_first_label,span_missing_committed_label,exact_word_times,observed_clock_order_violations,raw_asr_fields,formatted_final_fields,raw_formatted_differing_fields,optional_corrected_fields,text_partial_events,text_final_events,label_revision_decisions,asr_loads_process_cumulative,speaker_loads_process_cumulative,source_history_reset,private_gallery_queries,wer_reference_words,wer_edits,wer,wer_status
N1_BASELINE_S45_01_04_O0,S45_01_04,O0,COMPLETE,complete_nonoverlap,b62a9af84ec19fc9bb6aba66026d97feb357d1f549eab5459dd53a743266e004,3694adc8bddb82af0eea9de0a009b74557bb2c4aceb983ab013bfcf97cfd8c48,715127,715127,44.6954375,48.452999999999975,256,2562,544,3,3,15,32,0,0,0,0,0,0,15,15,15,0,25,3,14,1,1,True,0,32,2,0.0625,DESCRIPTIVE_COMPLETE_NONOVERLAP_ONLY
N1_BASELINE_S45_01_04_O1,S45_01_04,O1,COMPLETE,complete_nonoverlap,db418ef0d0e79a59a1d29af6a38ab947da8318519eb093caee0b5e903fdeb3af,2247edd8aa638ddcc5370b94d163ddfc4974292db5d8a91b09408303b2825026,715127,715127,44.6954375,48.483999999999924,392,2568,542,3,3,17,32,0,0,0,0,0,0,17,17,17,0,25,3,19,1,1,True,0,32,2,0.0625,DESCRIPTIVE_COMPLETE_NONOVERLAP_ONLY
N1_BASELINE_S45_01_07_O0,S45_01_07,O0,COMPLETE,complete_nonoverlap,8a8080c327d5bf70ef0e7616a36befe995eff6bbdfbdb32b74332569c70dcc31,f952333c3da9e9b6dcacccc4ee0ea5b27c1391d561f58933517ea343e69b9b80,715127,715127,44.6954375,48.28099999999995,29,2530,475,3,3,17,21,0,0,0,0,0,0,17,17,16,0,27,3,10,1,1,True,0,25,9,0.36,DESCRIPTIVE_COMPLETE_NONOVERLAP_ONLY
N1_BASELINE_S45_01_07_O1,S45_01_07,O1,COMPLETE,complete_nonoverlap,61169f9875d8d4df967348239a88c1f9f4134f0528f6f5c1289401a1566e020e,311de8ffc60a76f5cefe6797557353a963df4591ad49e267bad0c44b3c2bf098,715127,715127,44.6954375,48.233999999999924,266,2583,590,3,3,13,19,0,0,0,0,0,0,13,13,13,0,24,3,17,1,1,True,0,25,8,0.32,DESCRIPTIVE_COMPLETE_NONOVERLAP_ONLY
N1_BASELINE_S45_01_16_O0,S45_01_16,O0,COMPLETE,complete_nonoverlap,28998833fde4a079dbd5ba140c276d7a160ac9ca5be0dead7493084d31365ac8,61f295d6916807b5af7bfd1a0b5631a1341b349f624886050b205c600711bf4f,715127,715127,44.6954375,45.54599999999982,185,2573,595,3,3,16,27,0,0,0,0,0,0,16,16,16,0,25,3,25,1,1,True,0,28,5,0.17857142857142858,DESCRIPTIVE_COMPLETE_NONOVERLAP_ONLY
N1_BASELINE_S45_01_16_O1,S45_01_16,O1,COMPLETE,complete_nonoverlap,3a098bee7f44119888cf56ea44dd38cbb41da65f6beddfc98643b5e281d0a396,a27693153e876e52a64c8a40ee5e1ca8d963292e868816fdae796c60efe111e6,715127,715127,44.6954375,45.34400000000005,241,2563,554,3,3,18,27,0,0,0,0,0,0,18,18,18,0,26,3,18,1,1,True,0,28,5,0.17857142857142858,DESCRIPTIVE_COMPLETE_NONOVERLAP_ONLY
N1_BASELINE_S45_01_20_O0,S45_01_20,O0,COMPLETE,complete_nonoverlap,f08969906c52bc8b3642c0a7ce8005e36f35360917211fab0c806151838b65c7,43b4f82b81d5c43a3a9a2251ee29761931980767316165905bfd4d959ff1ed00,715127,715127,44.6954375,45.327999999999975,30,2721,736,3,3,20,33,0,0,0,0,0,0,20,20,20,0,40,3,25,1,1,True,0,33,1,0.030303030303030304,DESCRIPTIVE_COMPLETE_NONOVERLAP_ONLY
N1_BASELINE_S45_01_20_O1,S45_01_20,O1,COMPLETE,complete_nonoverlap,21192710164a2e833ead1505059e2ee12d02b83d1c62067ec418b03d66cffd49,f7711cca5bbedc77d539d1c4587b7ba784df598a56c9e02f6f629f5652f1d7c2,715127,715127,44.6954375,45.34400000000005,178,2734,755,3,3,23,33,0,0,0,0,0,0,23,23,23,0,40,3,30,1,1,True,0,33,1,0.030303030303030304,DESCRIPTIVE_COMPLETE_NONOVERLAP_ONLY
N1_BASELINE_S45_02_08_O0,S45_02_08,O0,COMPLETE,complete_nonoverlap,838032ef24eac27b082740aef95498ae7267d27bd92cf607d1cf52353206c935,062b2bc88c2b9a4e23a5c167408e54c529bc7c990c030ba342d377fa9845b4bc,715127,715127,44.6954375,45.3130000000001,366,2785,824,4,4,26,45,0,0,0,0,0,0,26,26,25,0,45,4,28,1,1,True,0,45,2,0.044444444444444446,DESCRIPTIVE_COMPLETE_NONOVERLAP_ONLY
N1_BASELINE_S45_02_08_O1,S45_02_08,O1,COMPLETE,complete_nonoverlap,3d4654d0dc177d70373b86db48f9a516ace4f58cb7819196a5127bebf2e9cae8,026de37dedb55bf1c112eb0c2aedc4c5eff1607c65aee1cff52ec16dbe00e089,715127,715127,44.6954375,45.3119999999999,292,2774,802,4,4,25,45,0,0,0,0,0,0,25,25,24,0,44,4,26,1,1,True,0,45,2,0.044444444444444446,DESCRIPTIVE_COMPLETE_NONOVERLAP_ONLY
N1_BASELINE_S45_02_14_O0,S45_02_14,O0,COMPLETE,complete_nonoverlap,2f08f0f4576ea6fdade30dcd8f9606e521733130a51c7e4fe0cccccaa200d6e4,227ecf4cfa391eb6ced6b73e8eca66139caf7c5a956a0938921ed1195e9c3c20,715127,715127,44.6954375,45.3119999999999,492,2748,786,4,4,20,38,0,0,0,0,0,0,20,20,20,0,41,4,21,1,1,True,0,38,1,0.02631578947368421,DESCRIPTIVE_COMPLETE_NONOVERLAP_ONLY
N1_BASELINE_S45_02_14_O1,S45_02_14,O1,COMPLETE,complete_nonoverlap,d07d3ba361f9b6da64c44595b5aba04bf241688ff83ad6de9b110c6d546cff0d,3efb22f1ac6b529e29cb14432429687ddf553354768a3fbf840337d69f3bcccd,715127,715127,44.6954375,45.3130000000001,477,2738,775,4,4,23,39,0,0,0,0,0,0,23,23,23,0,40,4,23,1,1,True,0,38,4,0.10526315789473684,DESCRIPTIVE_COMPLETE_NONOVERLAP_ONLY
N1_BASELINE_S45_02_16_O0,S45_02_16,O0,COMPLETE,complete_nonoverlap,912d08651ffb3fd35a20b14399fdf6faac4d08d90426fa1e3d0d31b01b8314c0,9e7ef87a5660f87a444e5098f26c3b7760262585cee3f7b6284030ad969ab4ac,715127,715127,44.6954375,45.3130000000001,39,2717,714,4,4,26,40,0,0,0,0,0,0,26,26,26,0,40,4,25,1,1,True,0,40,4,0.1,DESCRIPTIVE_COMPLETE_NONOVERLAP_ONLY
N1_BASELINE_S45_02_16_O1,S45_02_16,O1,COMPLETE,complete_nonoverlap,ce3e290a7842129d3bbec86d34838b7af8aeb18a668234fc323ada91be14cc42,f43a9b2688976aeec49ad69ed7b31d4c3f2d7fd53005e780af01e4ec4b188811,715127,715127,44.6954375,45.3130000000001,14,2718,715,4,4,25,36,0,0,0,0,0,0,25,25,25,0,39,4,25,1,1,True,0,40,5,0.125,DESCRIPTIVE_COMPLETE_NONOVERLAP_ONLY
N1_BASELINE_S45_02_18_O0,S45_02_18,O0,COMPLETE,complete_nonoverlap,19411dc1f5b3347222417a31447a863c44918e2733d87a81065377bd4ff94511,c89be79d0b9b3135b2b47caba620aba858066ec579b6fef7d8654cc7bc6418bd,715127,715127,44.6954375,45.3130000000001,14,2554,506,4,4,17,25,0,0,0,0,0,0,17,17,16,0,26,4,13,1,1,True,0,26,1,0.038461538461538464,DESCRIPTIVE_COMPLETE_NONOVERLAP_ONLY
N1_BASELINE_S45_02_18_O1,S45_02_18,O1,COMPLETE,complete_nonoverlap,19b06573c665af2b83958d47105e332824c44c6e365b5a8bb9cd27dd0568725e,4ea41c9f4c1ce58e0a15ce5ada91a068ec2b7003513460781edecf9ea468376c,715127,715127,44.6954375,45.327999999999975,593,2562,522,4,4,17,25,0,0,0,0,0,0,17,17,16,0,28,4,17,1,1,True,0,26,1,0.038461538461538464,DESCRIPTIVE_COMPLETE_NONOVERLAP_ONLY
N1_BASELINE_S45_03_02_O0,S45_03_02,O0,COMPLETE,complete_nonoverlap,3eaf3b0e70ba273fc1601d2c19de47e00233b40f670224e06356754dfe4f0050,f5f56830f0b03f14e13ceec2581bfe7f56b0fa25f3c06176b46416b63fc2f13e,715127,715127,44.6954375,45.297000000000025,418,2766,776,6,6,25,37,0,0,0,0,0,0,25,25,25,0,41,6,27,1,1,True,0,37,4,0.10810810810810811,DESCRIPTIVE_COMPLETE_NONOVERLAP_ONLY
N1_BASELINE_S45_03_02_O1,S45_03_02,O1,COMPLETE,complete_nonoverlap,a67b0c1993a761b088433b6827bc6f914e3788dfaae5d4a2618b62a44b178473,8f5f84a0efa1d1647646eaf5fe3a7488a7f807657803ad674777481ddf28ec89,715127,715127,44.6954375,45.297000000000025,317,2751,743,6,6,23,37,0,0,0,0,0,0,23,23,23,0,40,6,28,1,1,True,0,37,4,0.10810810810810811,DESCRIPTIVE_COMPLETE_NONOVERLAP_ONLY
N1_BASELINE_S45_03_09_O0,S45_03_09,O0,COMPLETE,complete_nonoverlap,325fc288930740ddce5bb6e2dbece90da406aa7a015934bf8997e90feee5e15b,d2f454e811903a3ab8f4826d23b03324920a4a3e42024045acc5984bada1c52d,715127,715127,44.6954375,45.28099999999995,434,2432,375,1,1,11,15,0,0,0,0,0,0,11,11,10,0,15,1,8,1,1,True,0,15,2,0.13333333333333333,DESCRIPTIVE_COMPLETE_NONOVERLAP_ONLY
N1_BASELINE_S45_03_09_O1,S45_03_09,O1,COMPLETE,complete_nonoverlap,b3925daba53afe3f7ce5d58c9b6d5ebb258d2551eb16710f35c3533946270e1c,086310e2dfb04ce0a373606687d9765899dca15d5bbc6711ace3eb28f54fa22b,715127,715127,44.6954375,45.26499999999987,459,2451,417,1,1,10,15,0,0,0,0,0,0,10,10,9,0,14,1,14,1,1,True,0,15,2,0.13333333333333333,DESCRIPTIVE_COMPLETE_NONOVERLAP_ONLY
N1_BASELINE_S45_03_16_O0,S45_03_16,O0,COMPLETE,complete_nonoverlap,2d50779d27fb02d310b61b1e78c24679522f1e526bc6d9e62f9fae4fcc36da53,e078d7b697c8142ae37dfacdc930b15bc080b9fabf11eefdf290c9648b886946,715127,715127,44.6954375,45.327999999999975,493,2563,526,1,1,17,26,0,0,0,0,0,0,17,17,17,0,28,1,18,1,1,True,0,26,2,0.07692307692307693,DESCRIPTIVE_COMPLETE_NONOVERLAP_ONLY
N1_BASELINE_S45_03_16_O1,S45_03_16,O1,COMPLETE,complete_nonoverlap,f44646b09ffa694b1e689dd0f226dbbfa013e0d6ebc4dca34341bfec07307207,04573597b801c8bea768b9e642251a8d7450c6757c36e29666c334ecdb70c427,715127,715127,44.6954375,45.4380000000001,266,2574,552,1,1,15,26,0,0,0,0,0,0,15,15,15,0,29,1,17,1,1,True,0,26,3,0.11538461538461539,DESCRIPTIVE_COMPLETE_NONOVERLAP_ONLY
N1_BASELINE_S45_03_18_O0,S45_03_18,O0,COMPLETE,complete_nonoverlap,cc86667245e94cdb516c63d0b32f6ff8e99c70f40d7231e68ac418f1270cab31,26be7d6326fee28f4df7eed55211bc46cbd110de1a03389d4c3ea81f2ee6278e,715127,715127,44.6954375,45.297000000000025,560,2369,291,1,1,9,10,0,0,0,0,0,0,9,9,9,0,12,1,5,1,1,True,0,11,2,0.18181818181818182,DESCRIPTIVE_COMPLETE_NONOVERLAP_ONLY
N1_BASELINE_S45_03_18_O1,S45_03_18,O1,COMPLETE,complete_nonoverlap,02dac291c3b31744bb5eb7fe4d9d19ed0d39930b2fa058547c1a7f693adf1403,9671ef68ae1e3274be3a017a8c0497a3d3f108b2d65dd90d44e305e1f756c302,715127,715127,44.6954375,45.28099999999995,106,2403,329,1,1,10,10,0,0,0,0,0,0,10,10,10,0,14,1,10,1,1,True,0,11,2,0.18181818181818182,DESCRIPTIVE_COMPLETE_NONOVERLAP_ONLY
N1_BASELINE_S45_04_09_O0,S45_04_09,O0,COMPLETE,complete_overlap,cb32f5a833ab9f840f21688d77f08415cab645b53e47ac238c302a904b5864b4,ca1aa4cc395170f034ae4f1ffe02355d9dbb42dbca201d051057c3f10c2f9f69,715127,715127,44.6954375,45.3130000000001,316,2552,531,2,2,11,27,0,0,0,0,0,0,11,11,11,0,25,2,14,1,1,True,0,,,,OMITTED_NEEDS_DECLARED_SPEAKER_PERMUTATION_CONVENTION
N1_BASELINE_S45_04_09_O1,S45_04_09,O1,COMPLETE,complete_overlap,d3e18d1fdac8f902918a71508ca444b62e39fc7179a90433327f469d8a33c440,6b74923d5248d69cc9560d20954c91136d37f8758bdf82abf41201ecdf5deaef,715127,715127,44.6954375,45.26499999999987,540,2559,549,2,2,15,29,0,0,0,0,0,0,15,15,15,0,24,2,17,1,1,True,0,,,,OMITTED_NEEDS_DECLARED_SPEAKER_PERMUTATION_CONVENTION
N1_BASELINE_S45_04_13_O0,S45_04_13,O0,COMPLETE,complete_overlap,1ffe73c8a408be2f3d7387e9de4de1794e4ae3b8e126d12262c0c070496343a0,e2171c685f452ce0fb189fbfbfe7d0e755346d5c12cb84735c809bfbee481807,715127,715127,44.6954375,45.297000000000025,295,2717,749,2,2,14,38,0,0,0,0,0,0,14,14,14,0,40,2,16,1,1,True,0,,,,OMITTED_NEEDS_DECLARED_SPEAKER_PERMUTATION_CONVENTION
N1_BASELINE_S45_04_13_O1,S45_04_13,O1,COMPLETE,complete_overlap,73ea1ceba9877460f0f05073b67263b7f452599250b34915cc40f65dbe4debb0,6bdcf5d4d2a96083c67eac431e2e94ebccefd02fc1dcba817a68ae22c2cc708c,715127,715127,44.6954375,45.297000000000025,417,2737,787,2,2,17,37,0,0,0,0,0,0,17,17,17,0,41,2,20,1,1,True,0,,,,OMITTED_NEEDS_DECLARED_SPEAKER_PERMUTATION_CONVENTION
N1_BASELINE_S45_04_16_O0,S45_04_16,O0,COMPLETE,complete_overlap,d53e9b111fc3ce883840193d484a387669f0f844ce030f7eea42e60358291e27,47d7dabc44348b4ef5c5cb89d82046f8d031dcd91fc508fedb52a02b18e3f3ea,715127,715127,44.6954375,45.327999999999975,240,2595,599,2,2,15,26,0,0,0,0,0,0,15,15,15,0,28,2,15,1,1,True,0,,,,OMITTED_NEEDS_DECLARED_SPEAKER_PERMUTATION_CONVENTION
N1_BASELINE_S45_04_16_O1,S45_04_16,O1,COMPLETE,complete_overlap,b5a6f4e5fcf5c5f6e9d635b89b6510bb7818f26c023bfb56427fd1a1cfddea68,3d2f765866f23901545d1582135ae91eb30c8b6bfaf4d948903eeca4afc2bf0e,715127,715127,44.6954375,45.297000000000025,190,2587,594,2,2,14,26,0,0,0,0,0,0,14,14,14,0,27,2,16,1,1,True,0,,,,OMITTED_NEEDS_DECLARED_SPEAKER_PERMUTATION_CONVENTION
N1_BASELINE_S45_04_20_O0,S45_04_20,O0,COMPLETE,complete_overlap,ec2d1e0ea4ffdec5216db0f5f1eb1d583ae89bcd2d1b0cd1eb8ec8ba9d5bbea6,17fea4714a35a98fe4885596a636d3ad701ae90c67601d51a452e7163f364adc,715127,715127,44.6954375,45.25,80,2514,482,2,2,12,24,0,0,0,0,0,0,12,12,12,0,23,2,12,1,1,True,0,,,,OMITTED_NEEDS_DECLARED_SPEAKER_PERMUTATION_CONVENTION
N1_BASELINE_S45_04_20_O1,S45_04_20,O1,COMPLETE,complete_overlap,e7791bcafcd3424ebbc45742a5d3f5982fbd1563fa06bda82afbe4080cf67f81,ddc8bdf2e7841699effa3c4df94646cb001e468e92aa0ba3e7a8dfb027dae925,715127,715127,44.6954375,45.422000000000025,115,2524,497,2,2,13,24,0,0,0,0,0,0,13,13,13,0,24,2,14,1,1,True,0,,,,OMITTED_NEEDS_DECLARED_SPEAKER_PERMUTATION_CONVENTION
N1_BASELINE_S45_05_17_O0,S45_05_17,O0,COMPLETE,complete_nonoverlap,e21d525c769d64f08436bfdcc86aa478bea3596c6ce7cf6ecbfd21183f44fe9e,2ebe397dc00f3554f4ecc024434b3f88612bed0d30687b8090452aedb8c80e32,715127,715127,44.6954375,45.375,140,2553,529,3,3,16,30,0,0,0,0,0,0,16,16,16,0,25,3,13,1,1,True,0,30,1,0.03333333333333333,DESCRIPTIVE_COMPLETE_NONOVERLAP_ONLY
N1_BASELINE_S45_05_17_O1,S45_05_17,O1,COMPLETE,complete_nonoverlap,a294a517fb5403345b31d525e9c8514f286fd4948f817e9c172be2720698e3ac,535de8fe2e1e4a15e7f765f82bd6e698212560bf8e9689e62833d28f147270de,715127,715127,44.6954375,45.38999999999987,165,2561,541,3,3,13,30,0,0,0,0,0,0,13,13,13,0,25,3,11,1,1,True,0,30,1,0.03333333333333333,DESCRIPTIVE_COMPLETE_NONOVERLAP_ONLY
N1_BASELINE_S45_05_18_O0,S45_05_18,O0,COMPLETE,complete_nonoverlap,d380803ee387605e1811e43e6de4341faf13f3bd9bbe6e9bef77b3e7e3b79a1f,fc045f4d2974a267816c7db7c7ac906c935c81524900ae60ff652a3e32945f3b,715127,715127,44.6954375,45.28200000000015,105,2542,506,3,3,16,30,0,0,0,0,0,0,16,16,16,0,25,3,11,1,1,True,0,30,0,0.0,DESCRIPTIVE_COMPLETE_NONOVERLAP_ONLY
N1_BASELINE_S45_05_18_O1,S45_05_18,O1,COMPLETE,complete_nonoverlap,c1a6a517099e0726e07ccc14e6505fc434200a6f1d6d975d2af2d4296d631589,bd0e5b488672240879a16e5626d753d6bc56ccec2a84c0187cb815973ae10f3b,715127,715127,44.6954375,45.28099999999995,131,2561,543,3,3,14,30,0,0,0,0,0,0,14,14,14,0,25,3,13,1,1,True,0,30,0,0.0,DESCRIPTIVE_COMPLETE_NONOVERLAP_ONLY
N1_BASELINE_S45_05_19_O0,S45_05_19,O0,COMPLETE,complete_nonoverlap,f644af4fedec87bdc3e5b6f17b7ba568bbf5d41b2109f1707d2a2c055e4b1ac8,33a83e2fac1c3969e4b4aff7df8b058d635dd7f21601f1d237f50a0519719363,715127,715127,44.6954375,45.297000000000025,367,2597,591,3,3,17,29,0,0,0,0,0,0,17,17,17,0,29,3,16,1,1,True,0,29,0,0.0,DESCRIPTIVE_COMPLETE_NONOVERLAP_ONLY
N1_BASELINE_S45_05_19_O1,S45_05_19,O1,COMPLETE,complete_nonoverlap,f198218b0767557bfbc59f0e3f1391363567e57a0b78d5187e7cc6f132286fc2,91c8a67622498c651d3eb48f6c2ff12007eefd3103617133437f934f812c7ed0,715127,715127,44.6954375,45.28200000000015,342,2596,584,3,3,17,29,0,0,0,0,0,0,17,17,17,0,29,3,16,1,1,True,0,29,1,0.034482758620689655,DESCRIPTIVE_COMPLETE_NONOVERLAP_ONLY
N1_BASELINE_S45_05_20_O0,S45_05_20,O0,COMPLETE,complete_nonoverlap,71d032cd184da76555762dab6ac289cab5d3844fc6eaea1c2fffe2bc35d28eca,1c2d6673334263b717fffaf574b8d6afa09158764c44f16c67f2a129579e7122,715127,715127,44.6954375,45.297000000000025,317,2589,576,3,3,16,29,0,0,0,0,0,0,16,16,16,0,28,3,14,1,1,True,0,29,0,0.0,DESCRIPTIVE_COMPLETE_NONOVERLAP_ONLY
N1_BASELINE_S45_05_20_O1,S45_05_20,O1,COMPLETE,complete_nonoverlap,6b2bd5b0c3aeac720a7882345672ea26eb770c2c3fcdc317d5f1ef008127a86f,d5a3d4a8b9c1de314e3f4bb5d61663ce4c9a1f832dda7a6d538389d1d4b38ae6,715127,715127,44.6954375,45.28099999999995,346,2594,589,3,3,16,29,0,0,0,0,0,0,16,16,16,0,28,3,13,1,1,True,0,29,1,0.034482758620689655,DESCRIPTIVE_COMPLETE_NONOVERLAP_ONLY
N1_BASELINE_S45_06_05_O0,S45_06_05,O0,COMPLETE,complete_nonoverlap,c4df04a3e8bb60dedf308f4504841432459a8de42580781d35d1edb56e7fa691,8745e63c163496be4ee563ea0dffcc0c34f15b8ee72bbaf144df8fb534a9eb68,715127,715127,44.6954375,45.327999999999975,524,2726,732,3,3,28,38,0,0,0,0,0,0,28,28,28,0,40,3,28,1,1,True,0,39,12,0.3076923076923077,DESCRIPTIVE_COMPLETE_NONOVERLAP_ONLY
N1_BASELINE_S45_06_05_O1,S45_06_05,O1,COMPLETE,complete_nonoverlap,774fc0b3309a0ef90e8be45765dc5363408b9993e0056eaa3faf7fd70e9bb2b6,9f91d3ca75b40ad235f83c6c17d0852e996f36293ea2f8610689618c2ac2217e,715127,715127,44.6954375,45.327999999999975,342,2745,763,3,3,22,37,0,0,0,0,0,0,22,22,22,0,42,3,26,1,1,True,0,39,13,0.3333333333333333,DESCRIPTIVE_COMPLETE_NONOVERLAP_ONLY
N1_BASELINE_S45_06_09_O0,S45_06_09,O0,COMPLETE,complete_nonoverlap,6cb9ecbcf0eb7b29eee9a813499c74789c9ad2782ff3397fd3d4c045214223e1,1ecb1d0d29a78379c53d32c1c1addfc5b77e5050b3f2c16a17e596e684d6a680,715127,715127,44.6954375,45.297000000000025,288,2610,567,3,3,19,37,0,0,0,0,0,0,19,19,19,0,33,3,17,1,1,True,0,37,0,0.0,DESCRIPTIVE_COMPLETE_NONOVERLAP_ONLY
N1_BASELINE_S45_06_09_O1,S45_06_09,O1,COMPLETE,complete_nonoverlap,e17555a41fcde4b57e6daa513f6bd2873f38d546e937c5a694203a07edad2ef6,0b0599fdd541e3e2d88f49df407cdf402be2567e2ef6e2274087186c2fc47271,715127,715127,44.6954375,45.297000000000025,266,2618,583,3,3,21,37,0,0,0,0,0,0,21,21,21,0,33,3,19,1,1,True,0,37,1,0.02702702702702703,DESCRIPTIVE_COMPLETE_NONOVERLAP_ONLY
N1_BASELINE_S45_06_16_O0,S45_06_16,O0,COMPLETE,complete_nonoverlap,a66deea8e499c41f804056f9e169d028e1c3d889ef271fccff727c18238165b3,e136a0603882817b76ee313cc6d87e534f5daa91fdb5c87a814858510e36f592,715127,715127,44.6954375,45.375,518,2517,461,3,3,12,21,0,0,0,0,0,0,12,12,12,0,23,3,13,1,1,True,0,21,0,0.0,DESCRIPTIVE_COMPLETE_NONOVERLAP_ONLY
N1_BASELINE_S45_06_16_O1,S45_06_16,O1,COMPLETE,complete_nonoverlap,f638958ecb04bdf97a5c27db891ef267f6d5dbad5a9cf9a271e6e960e6fbefa4,7de84a26422feaf54b28df08e389b15e907e9c5c2a59f4562c65d0e55547612f,715127,715127,44.6954375,45.358999999999924,469,2518,467,3,3,11,21,0,0,0,0,0,0,11,11,11,0,23,3,12,1,1,True,0,21,2,0.09523809523809523,DESCRIPTIVE_COMPLETE_NONOVERLAP_ONLY
N1_BASELINE_S45_06_19_O0,S45_06_19,O0,COMPLETE,complete_nonoverlap,a8a1c0343805b67a1f3fa4d5eabbf527e07ee5c388b592dae7254c9b84b98321,19cea8149cb825e55ada44af61983123169dcc5cb03549e12b4e6a0008534e47,715127,715127,44.6954375,45.375,580,2533,502,3,3,13,19,0,0,0,0,0,0,13,13,13,0,23,3,12,1,1,True,0,21,3,0.14285714285714285,DESCRIPTIVE_COMPLETE_NONOVERLAP_ONLY
N1_BASELINE_S45_06_19_O1,S45_06_19,O1,COMPLETE,complete_nonoverlap,ea37ce7e42f6136ffeacb961c79c428e58de4361f0814aea8a129afa1c647d63,bd3bb52ff2f42a44b376233b1556a7507eac0d563f6629c8764a541f070589cb,715127,715127,44.6954375,45.1869999999999,89,2538,480,3,3,17,21,0,0,0,0,0,0,17,17,17,0,26,3,14,1,1,True,0,21,1,0.047619047619047616,DESCRIPTIVE_COMPLETE_NONOVERLAP_ONLY
N1_BASELINE_S45_07_15_O0,S45_07_15,O0,COMPLETE,complete_nonoverlap,90a1e89e950b26b5a6d9729f8d8f96308e68e4c54b385d43460cd66996096321,350c735442965ad83b6629378cb7b22d95269d658a0dac2e2ff1997d8516fd6e,715127,715127,44.6954375,45.3130000000001,33,2647,674,3,3,17,32,0,0,0,0,0,0,17,17,17,0,33,3,19,1,1,True,0,31,3,0.0967741935483871,DESCRIPTIVE_COMPLETE_NONOVERLAP_ONLY
N1_BASELINE_S45_07_15_O1,S45_07_15,O1,COMPLETE,complete_nonoverlap,e3a82167505ea1924a6b59fc2b6ed8d562992c20631188c6069d90a9e062b238,13f6559f7409eb5047a8194f67c6d5ebd2f0475fc9c4dec823862cd5b572c33d,715127,715127,44.6954375,45.297000000000025,567,2630,651,3,3,16,32,0,0,0,0,0,0,16,16,16,0,31,3,15,1,1,True,0,31,3,0.0967741935483871,DESCRIPTIVE_COMPLETE_NONOVERLAP_ONLY
N1_BASELINE_S45_07_16_O0,S45_07_16,O0,COMPLETE,complete_nonoverlap,a7c12080504f508c34f0e5c8c445412d7a6ed8e0de350a6320ebad0a13ad53d1,3c2b0c68ec84683a24436960face04b431abc99290877c10900618d7be3c40a4,715127,715127,44.6954375,45.28099999999995,11,2650,659,3,3,16,32,0,0,0,0,0,0,16,16,16,0,33,3,18,1,1,True,0,31,2,0.06451612903225806,DESCRIPTIVE_COMPLETE_NONOVERLAP_ONLY
N1_BASELINE_S45_07_16_O1,S45_07_16,O1,COMPLETE,complete_nonoverlap,d9db840507056d40b7d23ee8dd9a24cc2075302c1b9066b4bb61d585a5382cf8,6cfd3f514f0970bd40767016378224e50b8550b4b4da0a862b75449cf1522918,715127,715127,44.6954375,45.09400000000005,90,2647,666,3,3,18,32,0,0,0,0,0,0,18,18,18,0,33,3,18,1,1,True,0,31,2,0.06451612903225806,DESCRIPTIVE_COMPLETE_NONOVERLAP_ONLY
N1_BASELINE_S45_07_17_O0,S45_07_17,O0,COMPLETE,complete_nonoverlap,6a5f829a3896e487df07fd533628f7a7f9da45203509839d38f1ef84bd7b0333,15cd42fedf2faf8ab25b55db1275d229d40c1d1f6720c5f5c8852fb8ed16fd52,715127,715127,44.6954375,45.391000000000076,543,2527,496,3,3,13,27,0,0,0,0,0,0,13,13,13,0,22,3,12,1,1,True,0,28,4,0.14285714285714285,DESCRIPTIVE_COMPLETE_NONOVERLAP_ONLY
N1_BASELINE_S45_07_17_O1,S45_07_17,O1,COMPLETE,complete_nonoverlap,0020bb93e064ce7e79ce983e6ecc491db026810dc7c87f46a7bf2c92fe6cf871,a42d82c66d3517f0ac24ab297c6b52589877a74f35efa8703814cb4c28cf1a0b,715127,715127,44.6954375,45.34400000000005,568,2521,488,3,3,16,27,0,0,0,0,0,0,16,16,16,0,22,3,11,1,1,True,0,28,4,0.14285714285714285,DESCRIPTIVE_COMPLETE_NONOVERLAP_ONLY
N1_BASELINE_S45_07_18_O0,S45_07_18,O0,COMPLETE,complete_nonoverlap,32f341676e94fc213acfe70a12610cc59fd186d8d85ee19844924927e018d718,fbd9802099d6dd4977d019e9091f04407a6dd2fbe5492e559b8da6ebe07b4319,715127,715127,44.6954375,45.297000000000025,543,2518,487,3,3,14,28,0,0,0,0,0,0,14,14,14,0,22,3,10,1,1,True,0,28,5,0.17857142857142858,DESCRIPTIVE_COMPLETE_NONOVERLAP_ONLY
N1_BASELINE_S45_07_18_O1,S45_07_18,O1,COMPLETE,complete_nonoverlap,851c6792bc24626d01b28fefccbe0ca7bc6bc2129a5a1f85f97b065d38cdab9d,b667709c85ce4c15a7131bfb2b500086be74984b853f899e415cc087a3fdf221,715127,715127,44.6954375,45.28099999999995,518,2520,495,3,3,14,28,0,0,0,0,0,0,14,14,14,0,22,3,11,1,1,True,0,28,5,0.17857142857142858,DESCRIPTIVE_COMPLETE_NONOVERLAP_ONLY
N1_BASELINE_S45_08_09_O0,S45_08_09,O0,COMPLETE,complete_nonoverlap,b9dd5ad14e3bb94fc34b40b910484c3201a6e3a307eb19e14727036df0f81224,44dd46e0417950e4bd8ae1a410bdbbd46b218d9093787a9f497db25ab533a8ad,715127,715127,44.6954375,45.266000000000076,89,2436,359,3,3,13,15,0,0,0,0,0,0,13,13,13,0,16,3,9,1,1,True,0,15,3,0.2,DESCRIPTIVE_COMPLETE_NONOVERLAP_ONLY
N1_BASELINE_S45_08_09_O1,S45_08_09,O1,COMPLETE,complete_nonoverlap,60d01740cc98eefc2506178dcc23c883f84c89ebd039bbf4cf47f468947c2075,790bcb8c458a874272002675d14e47627d47761d29f82b8a4d000e612a0ef604,715127,715127,44.6954375,45.28099999999995,29,2430,361,3,3,12,15,0,0,0,0,0,0,12,12,12,0,15,3,10,1,1,True,0,15,3,0.2,DESCRIPTIVE_COMPLETE_NONOVERLAP_ONLY
N1_BASELINE_S45_08_10_O0,S45_08_10,O0,COMPLETE,complete_nonoverlap,b17e01dbd7ba1b8db3191ada5eda8edaf0f23bafe02dacef924d91526896902e,bf1a353262f6fad1fa63f1d7c01229df082e3f3c780f0e743d147f73abf3218f,715127,715127,44.6954375,45.297000000000025,64,2434,353,3,3,12,15,0,0,0,0,0,0,12,12,12,0,16,3,10,1,1,True,0,15,2,0.13333333333333333,DESCRIPTIVE_COMPLETE_NONOVERLAP_ONLY
N1_BASELINE_S45_08_10_O1,S45_08_10,O1,COMPLETE,complete_nonoverlap,825db9a3014a353f36568b20f4cfd9cd76b49f442bb9608b27ac6cb4307a30bc,00770e0cbb3fe513de801017a2feb45ca8f0070503214781daa954f935764d03,715127,715127,44.6954375,45.28099999999995,30,2424,339,3,3,13,15,0,0,0,0,0,0,13,13,13,0,15,3,9,1,1,True,0,15,3,0.2,DESCRIPTIVE_COMPLETE_NONOVERLAP_ONLY
N1_BASELINE_S45_08_19_O0,S45_08_19,O0,COMPLETE,complete_nonoverlap,d423dfcc9674f5d050b04af1af24178cebacf3be96ba2b8300c1822c39256a00,596061f37c0b3378d251933c07869902b8ccfa04967be3fb3f059090214abf1d,715127,715127,44.6954375,45.28099999999995,362,2486,433,3,3,13,19,0,0,0,0,0,0,13,13,13,0,20,3,10,1,1,True,0,18,2,0.1111111111111111,DESCRIPTIVE_COMPLETE_NONOVERLAP_ONLY
N1_BASELINE_S45_08_19_O1,S45_08_19,O1,COMPLETE,complete_nonoverlap,dbe78319ffe8fcf0a4b2b538311efdca7e9b526379f95bd21bbede614efae6f0,dba0ee73a953a814a26ddf3cf979ca1f3d8b73c6471d0f2466aa66aa4b305f3d,715127,715127,44.6954375,45.28099999999995,316,2482,421,3,3,12,19,0,0,0,0,0,0,12,12,12,0,20,3,12,1,1,True,0,18,2,0.1111111111111111,DESCRIPTIVE_COMPLETE_NONOVERLAP_ONLY
N1_BASELINE_S45_08_20_O0,S45_08_20,O0,COMPLETE,complete_nonoverlap,f4be0a09a6db0b00a457750c0fbb0081dfc4149827faa5d5690fee4a304e12cd,1f3d8f3c9445f886d585a3a930c152d0f580b070678bf6ebd0660fb7d6e81d6b,715127,715127,44.6954375,45.28099999999995,361,2486,431,3,3,13,19,0,0,0,0,0,0,13,13,13,0,20,3,8,1,1,True,0,18,2,0.1111111111111111,DESCRIPTIVE_COMPLETE_NONOVERLAP_ONLY
N1_BASELINE_S45_08_20_O1,S45_08_20,O1,COMPLETE,complete_nonoverlap,71a543051579f281417e1f5601946b1acab512be78e5062ba1019a607b601873,8ad0a0ed2905a37d84b201b716617e95bb888d552ddc64fb26bb6d767c988147,715127,715127,44.6954375,45.266000000000076,282,2471,398,3,3,13,19,0,0,0,0,0,0,13,13,13,0,20,3,10,1,1,True,0,18,2,0.1111111111111111,DESCRIPTIVE_COMPLETE_NONOVERLAP_ONLY
N1_BASELINE_S45_09_01_O0,S45_09_01,O0,COMPLETE,complete_overlap,30370c501f3346c21adec50d7edc3d570384be264eef06f582aa477b7ca9ff47,18684502344739f663f69614e97ac52228b8771c9ddcbe70dfff87c675099f6e,715127,715127,44.6954375,45.28200000000015,39,2494,441,2,2,16,22,0,0,0,0,0,0,16,16,15,0,22,2,12,1,1,True,0,,,,OMITTED_NEEDS_DECLARED_SPEAKER_PERMUTATION_CONVENTION
N1_BASELINE_S45_09_01_O1,S45_09_01,O1,COMPLETE,complete_overlap,132de57e894495ad55f74c8625206f11b28bc56dccdd312d0378cc1c120b1ad2,472c608e5371606ff28e77c09ec24d3180473dfe92973df0614d883f24b3f983,715127,715127,44.6954375,45.297000000000025,392,2483,434,3,3,12,19,0,0,0,0,0,0,12,12,11,0,19,3,10,1,1,True,0,,,,OMITTED_NEEDS_DECLARED_SPEAKER_PERMUTATION_CONVENTION
N1_BASELINE_S45_09_08_O0,S45_09_08,O0,COMPLETE,complete_overlap,1475839be2b459f2bf8dd0222b0b07c0318210ff6d126fc4f30bbc01e336eef1,0b20c22aafa00bd1fa0cae931b9663896f5d1ebd10a450862ec32d9e5056d1dc,715127,715127,44.6954375,45.28099999999995,362,2481,445,2,2,10,18,0,0,0,0,0,0,10,10,10,0,18,2,12,1,1,True,0,,,,OMITTED_NEEDS_DECLARED_SPEAKER_PERMUTATION_CONVENTION
N1_BASELINE_S45_09_08_O1,S45_09_08,O1,COMPLETE,complete_overlap,126381e4e8f559e6dcaddb3b180ba789d4b1b3ed11b6cff82b8c22c4afa653a9,811ec2420eddc6ab34c485f3a772f5136e9c1b81663ad15e24d2b9add1d1a9b5,715127,715127,44.6954375,45.297000000000025,266,2488,491,2,2,5,15,0,0,0,0,0,0,5,5,5,0,17,2,8,1,1,True,0,,,,OMITTED_NEEDS_DECLARED_SPEAKER_PERMUTATION_CONVENTION
N1_BASELINE_S45_09_15_O0,S45_09_15,O0,COMPLETE,complete_overlap,41531fba132b3307e6cdf4b3240c4eae3c283ed35dcbc15cc96c9f84f267db0f,135cdde484b5edd0e6af385da786d6dc9da488300bf02b80a6372a4de2ad0c37,715127,715127,44.6954375,45.4380000000001,130,2436,374,2,2,9,13,0,0,0,0,0,0,9,9,9,0,16,2,9,1,1,True,0,,,,OMITTED_NEEDS_DECLARED_SPEAKER_PERMUTATION_CONVENTION
N1_BASELINE_S45_09_15_O1,S45_09_15,O1,COMPLETE,complete_overlap,c27783f5a71e497b3438dcfa520fcddfcdce125f3f7d0effe87a0eb9c08fdb6b,b981b88f216e0fb137d31c0f871137b71e120c490119fe8e1723891f0702c67b,715127,715127,44.6954375,45.375,140,2446,382,2,2,9,13,0,0,0,0,0,0,9,9,9,0,16,2,10,1,1,True,0,,,,OMITTED_NEEDS_DECLARED_SPEAKER_PERMUTATION_CONVENTION
N1_BASELINE_S45_09_20_O0,S45_09_20,O0,COMPLETE,complete_overlap,285698d13cb27206d8d106992b6a0cfade37ae2e8fd1bbee8b393fc1ed3bd679,34939e23fa36a0a282bd0cffe2ce29647fcaf8844ca7093d974ed55451c03a26,715127,715127,44.6954375,45.21900000000005,206,2447,417,2,2,9,19,0,0,0,0,0,0,9,9,9,0,14,2,8,1,1,True,0,,,,OMITTED_NEEDS_DECLARED_SPEAKER_PERMUTATION_CONVENTION
N1_BASELINE_S45_09_20_O1,S45_09_20,O1,COMPLETE,complete_overlap,9ff37bc5e258009fe66ba6e7ac0b1fcf728679dbbfc5fefca4b82da9e1bdf7c2,9ac5411b891005f41f48edcd9985fca9102526f2f67b153e618656873c79f5a5,715127,715127,44.6954375,45.202999999999975,109,2424,380,2,2,9,20,0,0,0,0,0,0,9,9,9,0,14,2,6,1,1,True,0,,,,OMITTED_NEEDS_DECLARED_SPEAKER_PERMUTATION_CONVENTION
N1_BASELINE_S45_10_01_O0,S45_10_01,O0,COMPLETE,incomplete_ambient_reference,d95c95940753f1699deea6419119b6b5ebffadda534182af440b31e5dca5a126,919b87992b2fe1cffadecb99a93c19348c449b0025bd3a395b78726403047fd5,715127,715127,44.6954375,45.28200000000015,109,2463,399,3,3,9,17,0,0,0,0,0,0,9,9,9,0,17,3,8,1,1,True,0,,,,OMITTED_INCOMPLETE_ALL_SPEAKER_TRUTH
N1_BASELINE_S45_10_01_O1,S45_10_01,O1,COMPLETE,incomplete_ambient_reference,fada82b424186c26785392122a584ba10ff80d6db837e041b178606b2374b2c6,58bcf8b9807eee5a97285a8be74405897511414e8ee79580965f1173f672b400,715127,715127,44.6954375,45.28099999999995,106,2460,400,3,3,9,17,0,0,0,0,0,0,9,9,9,0,17,3,9,1,1,True,0,,,,OMITTED_INCOMPLETE_ALL_SPEAKER_TRUTH
N1_BASELINE_S45_10_06_O0,S45_10_06,O0,COMPLETE,incomplete_ambient_reference,9253037755a9d9ecc3ece36a36b1c90f88eeb8b5b12f6efdee608a25daca0ba0,f0d49f311e95e230219bce15c46e5aa99577938d1a06317a6077a1f7ae3e981f,715127,715127,44.6954375,45.297000000000025,105,2423,389,2,2,6,13,0,0,0,0,0,0,6,6,6,0,12,2,6,1,1,True,0,,,,OMITTED_INCOMPLETE_ALL_SPEAKER_TRUTH
N1_BASELINE_S45_10_06_O1,S45_10_06,O1,COMPLETE,incomplete_ambient_reference,a6a7a6ed3ef50e43ac13b368a55fcecd9ae17bbad7b987b5420fa4ad2248cf2e,0daec738a91b33203a279f0c21a87e46ecbffe8472b6af6d702ed6f5d6fbf7a2,715127,715127,44.6954375,45.266000000000076,64,2420,383,2,2,7,13,0,0,0,0,0,0,7,7,6,0,11,2,6,1,1,True,0,,,,OMITTED_INCOMPLETE_ALL_SPEAKER_TRUTH
N1_BASELINE_S45_10_08_O0,S45_10_08,O0,COMPLETE,incomplete_ambient_reference,a550e64ba4297151484be72cd74f0057364dfd9d922f48a012487f6e9195c879,e93fd13bd6cc5489c6432423b75015209525664e75a61f542dfd003b5103f943,715127,715127,44.6954375,45.3130000000001,190,2565,534,3,3,19,27,0,0,0,0,0,0,19,19,19,0,26,3,19,1,1,True,0,,,,OMITTED_INCOMPLETE_ALL_SPEAKER_TRUTH
N1_BASELINE_S45_10_08_O1,S45_10_08,O1,COMPLETE,incomplete_ambient_reference,1b0648d68e3fa542fb6797a5fec84f77445854b19bcd4014a41fdd4a2c1b96d7,e50664f135cc62ec2106d859239b8b49a6ad354387734f7b06625a6f9a6feead,715127,715127,44.6954375,45.3130000000001,190,2567,538,3,3,16,26,0,0,0,0,0,0,16,16,16,0,26,3,16,1,1,True,0,,,,OMITTED_INCOMPLETE_ALL_SPEAKER_TRUTH
N1_BASELINE_S45_10_20_O0,S45_10_20,O0,COMPLETE,incomplete_ambient_reference,a4a94532c639ade07f4fc9965a53c83152d71c471c504083046289325760bb56,fc88476be363c090491e7e27f38b255e4c302f441f4297ec8135af7444aa8bec,715127,715127,44.6954375,45.3130000000001,130,2640,629,3,3,18,33,0,0,0,0,0,0,18,18,18,0,33,3,23,1,1,True,0,,,,OMITTED_INCOMPLETE_ALL_SPEAKER_TRUTH
N1_BASELINE_S45_10_20_O1,S45_10_20,O1,COMPLETE,incomplete_ambient_reference,3db42273d7674f5ce75e7ccceb1d9229b1f0a5201a68c065e50cacc864392a84,bede63ceaf5ed3df0e88fa9460f24156fe7f773af321052487f14ac5e37673d5,715127,715127,44.6954375,45.297000000000025,291,2651,632,3,3,18,33,0,0,0,0,0,0,18,18,18,0,33,3,26,1,1,True,0,,,,OMITTED_INCOMPLETE_ALL_SPEAKER_TRUTH
N1_BASELINE_S45_11_08_O0,S45_11_08,O0,COMPLETE,incomplete_ambient_reference,0ee725685487a4824ea0a54f75f08f0f529c6582b04964944a4dfc9fb017e92e,e07c89a4079419618743ba9a01451e1dbd80b3d5fdc2d6fc2e595393bf3569c4,715127,715127,44.6954375,45.32799999999952,291,2724,767,4,4,15,35,0,0,0,0,0,0,15,15,15,0,38,4,20,1,1,True,0,,,,OMITTED_INCOMPLETE_ALL_SPEAKER_TRUTH
N1_BASELINE_S45_11_08_O1,S45_11_08,O1,COMPLETE,incomplete_ambient_reference,e05ead2b2316764c535e3abc9e09610cf6e1d51ce80106d725ca6a9feef8fd19,bb8d9c66219d801c1b34ba192a361d3be7a49db3365b6b3a14adc2e47ac054b3,715127,715127,44.6954375,45.3119999999999,266,2712,748,4,4,16,35,0,0,0,0,0,0,16,16,16,0,37,4,21,1,1,True,0,,,,OMITTED_INCOMPLETE_ALL_SPEAKER_TRUTH
N1_BASELINE_S45_11_15_O0,S45_11_15,O0,COMPLETE,complete_nonoverlap,febf67c3edd379e3ae4cf715e60a3e709dfac32939a60b9b3f9740407b922e00,3ee0972a5d698e00a8c65b112ef1fee9a0f94e2bdd3d23e2bf2bf9a9155d8835,715127,715127,44.6954375,45.34400000000005,216,2703,771,4,4,21,27,0,0,0,0,0,0,21,21,21,0,30,4,23,1,1,True,0,34,17,0.5,DESCRIPTIVE_COMPLETE_NONOVERLAP_ONLY
N1_BASELINE_S45_11_15_O1,S45_11_15,O1,COMPLETE,complete_nonoverlap,100e45472208b4c91e9a31314134380fc1f80626ac0cc2bee322dde7686a23c4,67e1e68f7451ae93003c6b18110783a09c6fecf3f64447aaf30609a2a6f02b9d,715127,715127,44.6954375,45.34299999999985,140,2705,785,4,4,19,27,0,0,0,0,0,0,19,19,19,0,31,4,24,1,1,True,0,34,18,0.5294117647058824,DESCRIPTIVE_COMPLETE_NONOVERLAP_ONLY
N1_BASELINE_S45_11_16_O0,S45_11_16,O0,COMPLETE,complete_overlap,d52aad8225723bf483df66aa4293e7ece83e07e609916c6e18a56622ffd3babd,719be4d1ff7a79e03a19eec7d1b12a020ccd5214f0da31fbb94981da4aa54a74,715127,715127,44.6954375,45.3119999999999,342,2473,398,3,3,16,22,0,0,0,0,0,0,16,16,16,0,21,3,11,1,1,True,0,,,,OMITTED_NEEDS_DECLARED_SPEAKER_PERMUTATION_CONVENTION
N1_BASELINE_S45_11_16_O1,S45_11_16,O1,COMPLETE,complete_overlap,930ba98a65ce2e5109f976afc195a1bb4bb5fc7fddf5b85810592ca325840306,f7a62cb67f605d9789da2cd7c3cccd73b13fd1e42c7f6034cb4ef553bdb744d0,715127,715127,44.6954375,45.3119999999999,232,2472,412,3,3,14,21,0,0,0,0,0,0,14,14,14,0,20,3,10,1,1,True,0,,,,OMITTED_NEEDS_DECLARED_SPEAKER_PERMUTATION_CONVENTION
N1_BASELINE_S45_11_20_O0,S45_11_20,O0,COMPLETE,incomplete_ambient_reference,bada32ce2d850feb7eabf959b78694e0850812628fe8249d255b616969c4b317,291d7f5c187c9ae3194fba2826082c74ebf732b6f91880cc6d9c71ac98fed16f,715127,715127,44.6954375,45.3130000000001,39,2642,651,4,4,18,35,0,0,0,0,0,0,18,18,18,0,31,4,16,1,1,True,0,,,,OMITTED_INCOMPLETE_ALL_SPEAKER_TRUTH
N1_BASELINE_S45_11_20_O1,S45_11_20,O1,COMPLETE,incomplete_ambient_reference,b39dd95617913f2394cdaff7407f992ef3fcd25bbbc9c2422ffeaa641b0a9790,d3568e7b06dae855e610b7f9645c55fbcda4dd96823cb3743a707b385cfc82d1,715127,715127,44.6954375,45.32799999999952,216,2660,664,4,4,21,35,0,0,0,0,0,0,21,21,21,0,32,4,23,1,1,True,0,,,,OMITTED_INCOMPLETE_ALL_SPEAKER_TRUTH
N1_BASELINE_S45_12_02_O0,S45_12_02,O0,COMPLETE,complete_nonoverlap,5b3e285752eaa10176f6fb86166c01445d1890406244e6fe4a173663bb1a5f90,3391e12c362f907cb2a14c17105663f60e8257f216d59a1416643fde84e7d0fa,715127,715127,44.6954375,45.34400000000005,67,2623,611,3,3,17,30,0,0,0,0,0,0,17,17,17,0,31,3,17,1,1,True,0,30,3,0.1,DESCRIPTIVE_COMPLETE_NONOVERLAP_ONLY
N1_BASELINE_S45_12_02_O1,S45_12_02,O1,COMPLETE,complete_nonoverlap,cc75cde3412c105d7004f6a274385870ecd29cff91cbe38706b3e4f22364c161,f8c619f18ebda9d3310e6aca43ce3cfba8a9993859f6006ff25dcf99bb945969,715127,715127,44.6954375,45.32799999999952,141,2639,627,3,3,18,30,0,0,0,0,0,0,18,18,18,0,33,3,21,1,1,True,0,30,3,0.1,DESCRIPTIVE_COMPLETE_NONOVERLAP_ONLY
N1_BASELINE_S45_12_04_O0,S45_12_04,O0,COMPLETE,complete_nonoverlap,e2ad03223e9d3cf033ea0988dbfc04cc597cf35d8b4986ebd3cfe8f7b07a1c07,4c77349708d3ff184b4d64d1a223a59446ff3274d48dcbe4eb8c92ce48765589,715127,715127,44.6954375,45.40599999999995,512,2570,542,3,3,21,34,0,0,0,0,0,0,21,21,21,0,25,3,19,1,1,True,0,33,6,0.18181818181818182,DESCRIPTIVE_COMPLETE_NONOVERLAP_ONLY
N1_BASELINE_S45_12_04_O1,S45_12_04,O1,COMPLETE,complete_nonoverlap,afbe4d9e39bcd657793f31aa6d88cdfdb7a33ddda7a6c6cbc93f3b46331e645a,c3dcdd3b9ec794900d058d6da9aa27d38881e95c6da29dd321e6f77cd94f2d7a,715127,715127,44.6954375,45.35899999999947,493,2571,538,3,3,19,34,0,0,0,0,0,0,19,19,19,0,26,3,16,1,1,True,0,33,6,0.18181818181818182,DESCRIPTIVE_COMPLETE_NONOVERLAP_ONLY
N1_BASELINE_S45_12_06_O0,S45_12_06,O0,COMPLETE,complete_nonoverlap,fcd4605c9980b0698da8139034da80ccd005e1d9a70460c32d563c164fc880bf,1260d9c7c952448669a2ebf1c86f506f8d73e76d0fc93f1540e276987437cc62,715127,715127,44.6954375,45.32899999999972,526,2525,524,3,3,14,21,0,0,0,0,0,0,14,14,14,0,19,3,16,1,1,True,0,23,2,0.08695652173913043,DESCRIPTIVE_COMPLETE_NONOVERLAP_ONLY
N1_BASELINE_S45_12_06_O1,S45_12_06,O1,COMPLETE,complete_nonoverlap,bb65b1ab16210ed24476f6c0314d241c1509fb81d0fb022ea4c0fc987692dd45,aa8da4ca5528cc5c3ed1ffbff826c14edda1a6ca852a5ebcb2c5fdd611fb7890,715127,715127,44.6954375,45.35899999999947,14,2517,506,3,3,15,22,0,0,0,0,0,0,15,15,15,0,19,3,12,1,1,True,0,23,3,0.13043478260869565,DESCRIPTIVE_COMPLETE_NONOVERLAP_ONLY
N1_BASELINE_S45_12_20_O0,S45_12_20,O0,COMPLETE,empty_control,c96ee8c13087efaf5382627b6590c032d9196540d752de7bd81a2dae0786eeaf,2840ba31562b4d07a1de6b52635d2e5b54f596390ba8fcd8977f9f230ec6396e,715127,715127,44.6954375,45.34400000000005,90,2582,907,1,1,1,1,0,0,0,0,0,0,1,1,1,0,1,1,1,1,1,True,0,,,,OMITTED_EMPTY_DENOMINATOR
N1_BASELINE_S45_12_20_O1,S45_12_20,O1,COMPLETE,empty_control,b7e71ae15acb9c5d0982c861602b2e3bdb8c3feb2b592d28913026cec1603b45,139d549a93066f957cf59f22e3b05797b8626e803917d160921293b800dd078d,715127,715127,44.6954375,45.35900000000038,326,2676,1123,1,1,1,1,0,0,0,0,0,0,1,1,1,0,1,1,0,1,1,True,0,,,,OMITTED_EMPTY_DENOMINATOR
