case_id,profile,attempt_id,stream,sha256,frames,sample_rate_hz,subtype,gain,status,exact_projection,threshold_fitting
same_C_two_paths,P_MAIN6,QUAL_MAIN_03,auto_asr_raw,45a2460534f78f7d2678779a5be7431c98d06dd1b05bfa7aa0f371c5b3098ad5,251148,16000,PCM_24,1.0,HASH_VERIFIED_COLLECTION_ONLY,UNAVAILABLE_NOT_ADMITTED,NOT_ADMITTED_WITHOUT_SEPARATE_C_ONLY_PROJECTION_REVIEW
same_C_two_paths,P_MAIN6,QUAL_MAIN_03,auto_pp_raw,4fc18335c38d91272e0cd3a5e0d0a09c81241d0f3454ff96a30849e9aa0a99c8,251148,16000,PCM_24,1.0,HASH_VERIFIED_COLLECTION_ONLY,UNAVAILABLE_NOT_ADMITTED,NOT_ADMITTED_WITHOUT_SEPARATE_C_ONLY_PROJECTION_REVIEW
same_C_two_paths,P_MAIN6,QUAL_MAIN_03,focus0_asr_raw,c6f4e93daf1e08d535bb33c3d6f2bfacff9b161cf6663791ff6b2108cc3619d1,251148,16000,PCM_24,1.0,HASH_VERIFIED_COLLECTION_ONLY,UNAVAILABLE_NOT_ADMITTED,NOT_ADMITTED_WITHOUT_SEPARATE_C_ONLY_PROJECTION_REVIEW
same_C_two_paths,P_MAIN6,QUAL_MAIN_03,focus1_asr_raw,3bf0e5b505c3d45330c4ccac538b0c61735327aed9f287a494b742c4ab8d1075,251148,16000,PCM_24,1.0,HASH_VERIFIED_COLLECTION_ONLY,UNAVAILABLE_NOT_ADMITTED,NOT_ADMITTED_WITHOUT_SEPARATE_C_ONLY_PROJECTION_REVIEW
same_C_two_paths,P_MAIN6,QUAL_MAIN_03,focus0_pp_raw,a095913cca24bb420800d21a9cf0624346d109af3ee7c2bc5fe305a94bc54ce2,251148,16000,PCM_24,1.0,HASH_VERIFIED_COLLECTION_ONLY,UNAVAILABLE_NOT_ADMITTED,NOT_ADMITTED_WITHOUT_SEPARATE_C_ONLY_PROJECTION_REVIEW
same_C_two_paths,P_MAIN6,QUAL_MAIN_03,focus1_pp_raw,9be422f2c80e0f0e15f24107cad41494f406eba90e425c3d01b811ded3350666,251148,16000,PCM_24,1.0,HASH_VERIFIED_COLLECTION_ONLY,UNAVAILABLE_NOT_ADMITTED,NOT_ADMITTED_WITHOUT_SEPARATE_C_ONLY_PROJECTION_REVIEW
C_ABA,P_MAIN6,QUAL_MAIN_04,auto_asr_raw,f5072a9c9c96f3f31f38796c3a92b01fd94c3ad7a2d14f07923a3d7868f9a2dc,379127,16000,PCM_24,1.0,HASH_VERIFIED_COLLECTION_ONLY,UNAVAILABLE_NOT_ADMITTED,NOT_ADMITTED_WITHOUT_SEPARATE_C_ONLY_PROJECTION_REVIEW
C_ABA,P_MAIN6,QUAL_MAIN_04,auto_pp_raw,a5f4b5c71096e0d72b105dd2120c632a8bbdab70243cc5da31f00c89a5db6481,379127,16000,PCM_24,1.0,HASH_VERIFIED_COLLECTION_ONLY,UNAVAILABLE_NOT_ADMITTED,NOT_ADMITTED_WITHOUT_SEPARATE_C_ONLY_PROJECTION_REVIEW
C_ABA,P_MAIN6,QUAL_MAIN_04,focus0_asr_raw,e08aefd392ff47e69f63d39d941a52a113ff9972b9ab4146abb49a0720513e19,379127,16000,PCM_24,1.0,HASH_VERIFIED_COLLECTION_ONLY,UNAVAILABLE_NOT_ADMITTED,NOT_ADMITTED_WITHOUT_SEPARATE_C_ONLY_PROJECTION_REVIEW
C_ABA,P_MAIN6,QUAL_MAIN_04,focus1_asr_raw,ac291be4ccc05ab7b1414682e21688bc8b9a5256ec934b0f270ba096ea4c9177,379127,16000,PCM_24,1.0,HASH_VERIFIED_COLLECTION_ONLY,UNAVAILABLE_NOT_ADMITTED,NOT_ADMITTED_WITHOUT_SEPARATE_C_ONLY_PROJECTION_REVIEW
C_ABA,P_MAIN6,QUAL_MAIN_04,focus0_pp_raw,238213ee823477f3a8d83b01d5a32f1457f8f39aa6012603431301b97130173c,379127,16000,PCM_24,1.0,HASH_VERIFIED_COLLECTION_ONLY,UNAVAILABLE_NOT_ADMITTED,NOT_ADMITTED_WITHOUT_SEPARATE_C_ONLY_PROJECTION_REVIEW
C_ABA,P_MAIN6,QUAL_MAIN_04,focus1_pp_raw,5945bea4ea9ae97882783dfd96f18301d44bb4d5890c1c1d45107e8cc70d91a9,379127,16000,PCM_24,1.0,HASH_VERIFIED_COLLECTION_ONLY,UNAVAILABLE_NOT_ADMITTED,NOT_ADMITTED_WITHOUT_SEPARATE_C_ONLY_PROJECTION_REVIEW
C_overlap,P_MAIN6,QUAL_MAIN_05,auto_asr_raw,b1c5a76803dec3315e0ea3f753c813830fe24b5f059dc6b276ecee2b14404c2c,251148,16000,PCM_24,1.0,HASH_VERIFIED_COLLECTION_ONLY,UNAVAILABLE_NOT_ADMITTED,NOT_ADMITTED_WITHOUT_SEPARATE_C_ONLY_PROJECTION_REVIEW
C_overlap,P_MAIN6,QUAL_MAIN_05,auto_pp_raw,84ca01040f2162b9a31650162c957a33bbfe54198a898454484a9470de21f304,251148,16000,PCM_24,1.0,HASH_VERIFIED_COLLECTION_ONLY,UNAVAILABLE_NOT_ADMITTED,NOT_ADMITTED_WITHOUT_SEPARATE_C_ONLY_PROJECTION_REVIEW
C_overlap,P_MAIN6,QUAL_MAIN_05,focus0_asr_raw,cbc79d962bffc1f060ff1137e168474f0fa064ca0941ef5766ca995e7e611541,251148,16000,PCM_24,1.0,HASH_VERIFIED_COLLECTION_ONLY,UNAVAILABLE_NOT_ADMITTED,NOT_ADMITTED_WITHOUT_SEPARATE_C_ONLY_PROJECTION_REVIEW
C_overlap,P_MAIN6,QUAL_MAIN_05,focus1_asr_raw,31614d6f73468a8e41aa81094009e70f5817e5c36569d3d341651ac0257561e3,251148,16000,PCM_24,1.0,HASH_VERIFIED_COLLECTION_ONLY,UNAVAILABLE_NOT_ADMITTED,NOT_ADMITTED_WITHOUT_SEPARATE_C_ONLY_PROJECTION_REVIEW
C_overlap,P_MAIN6,QUAL_MAIN_05,focus0_pp_raw,af931b3908055a56a217fb5d7204a60d706438bc1eeacda71c7a451708b2d174,251148,16000,PCM_24,1.0,HASH_VERIFIED_COLLECTION_ONLY,UNAVAILABLE_NOT_ADMITTED,NOT_ADMITTED_WITHOUT_SEPARATE_C_ONLY_PROJECTION_REVIEW
C_overlap,P_MAIN6,QUAL_MAIN_05,focus1_pp_raw,e8967965b816e5b70208e9b96081e1471d735ceab1e4048693f79b808a105daf,251148,16000,PCM_24,1.0,HASH_VERIFIED_COLLECTION_ONLY,UNAVAILABLE_NOT_ADMITTED,NOT_ADMITTED_WITHOUT_SEPARATE_C_ONLY_PROJECTION_REVIEW
C_overlap_source_swap,P_MAIN6,QUAL_MAIN_06,auto_asr_raw,1ccbe1930f31d9db1b30886155fd2935f0461c3fd9132d38f22ef34e409f31d1,251148,16000,PCM_24,1.0,HASH_VERIFIED_COLLECTION_ONLY,UNAVAILABLE_NOT_ADMITTED,NOT_ADMITTED_WITHOUT_SEPARATE_C_ONLY_PROJECTION_REVIEW
C_overlap_source_swap,P_MAIN6,QUAL_MAIN_06,auto_pp_raw,28becdb389e444deb65e61d2f06159f18e8c56897d1c24a369c04abd769c3cdb,251148,16000,PCM_24,1.0,HASH_VERIFIED_COLLECTION_ONLY,UNAVAILABLE_NOT_ADMITTED,NOT_ADMITTED_WITHOUT_SEPARATE_C_ONLY_PROJECTION_REVIEW
C_overlap_source_swap,P_MAIN6,QUAL_MAIN_06,focus0_asr_raw,af9ae9a9c1b6cc5fbda10f80151c51b8d69837660f2ec2391e8404519702d2e1,251148,16000,PCM_24,1.0,HASH_VERIFIED_COLLECTION_ONLY,UNAVAILABLE_NOT_ADMITTED,NOT_ADMITTED_WITHOUT_SEPARATE_C_ONLY_PROJECTION_REVIEW
C_overlap_source_swap,P_MAIN6,QUAL_MAIN_06,focus1_asr_raw,f3fbad7f165e040413ea84abee3614973fbeb1f635346d8c74ed54ca52605ef7,251148,16000,PCM_24,1.0,HASH_VERIFIED_COLLECTION_ONLY,UNAVAILABLE_NOT_ADMITTED,NOT_ADMITTED_WITHOUT_SEPARATE_C_ONLY_PROJECTION_REVIEW
C_overlap_source_swap,P_MAIN6,QUAL_MAIN_06,focus0_pp_raw,5066a46608deb71e70e29a91114b3d4ffd32fe4d08a3641edb07d8759fa5772c,251148,16000,PCM_24,1.0,HASH_VERIFIED_COLLECTION_ONLY,UNAVAILABLE_NOT_ADMITTED,NOT_ADMITTED_WITHOUT_SEPARATE_C_ONLY_PROJECTION_REVIEW
C_overlap_source_swap,P_MAIN6,QUAL_MAIN_06,focus1_pp_raw,9c23557e2721ef762779534ea5568fdd6c5bdf4d019a723ec00fd5ecb2b30105,251148,16000,PCM_24,1.0,HASH_VERIFIED_COLLECTION_ONLY,UNAVAILABLE_NOT_ADMITTED,NOT_ADMITTED_WITHOUT_SEPARATE_C_ONLY_PROJECTION_REVIEW
C30_calibration_R04,P_MAIN6,C_CAL_MAIN_R04,auto_asr_raw,44c0a108c5729277bda0077e23c5341fa4c99b79ecb582a453b5163f28c5826a,2083127,16000,PCM_24,1.0,HASH_VERIFIED_COLLECTION_ONLY,UNAVAILABLE_NOT_ADMITTED,NOT_ADMITTED_WITHOUT_SEPARATE_C_ONLY_PROJECTION_REVIEW
C30_calibration_R04,P_MAIN6,C_CAL_MAIN_R04,auto_pp_raw,b405435fa1baad49df5211fa0278394b2895cf0c9bba2ee7bcdcceee40069ac1,2083127,16000,PCM_24,1.0,HASH_VERIFIED_COLLECTION_ONLY,UNAVAILABLE_NOT_ADMITTED,NOT_ADMITTED_WITHOUT_SEPARATE_C_ONLY_PROJECTION_REVIEW
C30_calibration_R04,P_MAIN6,C_CAL_MAIN_R04,focus0_asr_raw,4192b01ea5b36436febc76c1f8786930362f92f0c210db120027b7b14fdbbfed,2083127,16000,PCM_24,1.0,HASH_VERIFIED_COLLECTION_ONLY,UNAVAILABLE_NOT_ADMITTED,NOT_ADMITTED_WITHOUT_SEPARATE_C_ONLY_PROJECTION_REVIEW
C30_calibration_R04,P_MAIN6,C_CAL_MAIN_R04,focus1_asr_raw,5d48cb8d8de4b6773eaac71e10a63638998c81785932964be1bbd3805763b8cc,2083127,16000,PCM_24,1.0,HASH_VERIFIED_COLLECTION_ONLY,UNAVAILABLE_NOT_ADMITTED,NOT_ADMITTED_WITHOUT_SEPARATE_C_ONLY_PROJECTION_REVIEW
C30_calibration_R04,P_MAIN6,C_CAL_MAIN_R04,focus0_pp_raw,c9e1d141dbab5f409771bcae657cf2de14c49d85e4a56ab6cfec2714870266f9,2083127,16000,PCM_24,1.0,HASH_VERIFIED_COLLECTION_ONLY,UNAVAILABLE_NOT_ADMITTED,NOT_ADMITTED_WITHOUT_SEPARATE_C_ONLY_PROJECTION_REVIEW
C30_calibration_R04,P_MAIN6,C_CAL_MAIN_R04,focus1_pp_raw,26c42daef9e84260ce5e3ac590dd549a28fc0264edde40f7c80aac43e8ba60f8,2083127,16000,PCM_24,1.0,HASH_VERIFIED_COLLECTION_ONLY,UNAVAILABLE_NOT_ADMITTED,NOT_ADMITTED_WITHOUT_SEPARATE_C_ONLY_PROJECTION_REVIEW
C30_calibration_R12,P_MAIN6,C_CAL_MAIN_R12,auto_asr_raw,c155ca28c19f2ec2f906f197f6ebf45038dfa0179bc487a424c9abf5acf5493c,2083127,16000,PCM_24,1.0,HASH_VERIFIED_COLLECTION_ONLY,UNAVAILABLE_NOT_ADMITTED,NOT_ADMITTED_WITHOUT_SEPARATE_C_ONLY_PROJECTION_REVIEW
C30_calibration_R12,P_MAIN6,C_CAL_MAIN_R12,auto_pp_raw,f5c55837afca13ee0e023eb2d6fc9ceec9bc72cc302a408277c8291a2769f5ac,2083127,16000,PCM_24,1.0,HASH_VERIFIED_COLLECTION_ONLY,UNAVAILABLE_NOT_ADMITTED,NOT_ADMITTED_WITHOUT_SEPARATE_C_ONLY_PROJECTION_REVIEW
C30_calibration_R12,P_MAIN6,C_CAL_MAIN_R12,focus0_asr_raw,9e6a9790572a158b57b004d61903a469b6f4e41645cd907b63b6a8d3423ebd53,2083127,16000,PCM_24,1.0,HASH_VERIFIED_COLLECTION_ONLY,UNAVAILABLE_NOT_ADMITTED,NOT_ADMITTED_WITHOUT_SEPARATE_C_ONLY_PROJECTION_REVIEW
C30_calibration_R12,P_MAIN6,C_CAL_MAIN_R12,focus1_asr_raw,ad6eca183810c333e45a5fcac0a718e135c6bde808210c0a6e480a7ba238553c,2083127,16000,PCM_24,1.0,HASH_VERIFIED_COLLECTION_ONLY,UNAVAILABLE_NOT_ADMITTED,NOT_ADMITTED_WITHOUT_SEPARATE_C_ONLY_PROJECTION_REVIEW
C30_calibration_R12,P_MAIN6,C_CAL_MAIN_R12,focus0_pp_raw,6975d3cc70235d830bd482ffc8cc5651d78afced4071cc14cd2df39e44f30604,2083127,16000,PCM_24,1.0,HASH_VERIFIED_COLLECTION_ONLY,UNAVAILABLE_NOT_ADMITTED,NOT_ADMITTED_WITHOUT_SEPARATE_C_ONLY_PROJECTION_REVIEW
C30_calibration_R12,P_MAIN6,C_CAL_MAIN_R12,focus1_pp_raw,6af857a3c3b9ead2860af237c7e91818da917df09e616537eb1ae18f03459214,2083127,16000,PCM_24,1.0,HASH_VERIFIED_COLLECTION_ONLY,UNAVAILABLE_NOT_ADMITTED,NOT_ADMITTED_WITHOUT_SEPARATE_C_ONLY_PROJECTION_REVIEW
same_C_two_paths,P_SCAN6,QUAL_SCAN_03,auto_asr_raw,0fb0334b25f46a79e72d3654a78617f366b4bfc94439c7ba6734c1e2c255c4a9,251148,16000,PCM_24,1.0,HASH_VERIFIED_COLLECTION_ONLY,UNAVAILABLE_NOT_ADMITTED,NOT_ADMITTED_WITHOUT_SEPARATE_C_ONLY_PROJECTION_REVIEW
same_C_two_paths,P_SCAN6,QUAL_SCAN_03,auto_pp_raw,70743db9aa5a85409ebbca3eb056a9ba7fcefe02d2db025c9de57321e8223e2c,251148,16000,PCM_24,1.0,HASH_VERIFIED_COLLECTION_ONLY,UNAVAILABLE_NOT_ADMITTED,NOT_ADMITTED_WITHOUT_SEPARATE_C_ONLY_PROJECTION_REVIEW
same_C_two_paths,P_SCAN6,QUAL_SCAN_03,focus0_asr_raw,a90cdf15d6380b55029d1f276179f8f0aabe76f87542e6bb670ff81e485e0403,251148,16000,PCM_24,1.0,HASH_VERIFIED_COLLECTION_ONLY,UNAVAILABLE_NOT_ADMITTED,NOT_ADMITTED_WITHOUT_SEPARATE_C_ONLY_PROJECTION_REVIEW
same_C_two_paths,P_SCAN6,QUAL_SCAN_03,focus1_asr_raw,b4d775da6a35361e727e5ae5347333b409494be949e338b341509788b5d5cc93,251148,16000,PCM_24,1.0,HASH_VERIFIED_COLLECTION_ONLY,UNAVAILABLE_NOT_ADMITTED,NOT_ADMITTED_WITHOUT_SEPARATE_C_ONLY_PROJECTION_REVIEW
same_C_two_paths,P_SCAN6,QUAL_SCAN_03,scan_asr_raw,ae70cccecabf11c56821eb0000b9227783c63b52d887443fd7970a12747e70b8,251148,16000,PCM_24,1.0,HASH_VERIFIED_COLLECTION_ONLY,UNAVAILABLE_NOT_ADMITTED,NOT_ADMITTED_WITHOUT_SEPARATE_C_ONLY_PROJECTION_REVIEW
same_C_two_paths,P_SCAN6,QUAL_SCAN_03,scan_pp_raw,e2d918cd92a1d5c72f9b3b933791a8c76a969346a45b8b359474f259f91710db,251148,16000,PCM_24,1.0,HASH_VERIFIED_COLLECTION_ONLY,UNAVAILABLE_NOT_ADMITTED,NOT_ADMITTED_WITHOUT_SEPARATE_C_ONLY_PROJECTION_REVIEW
C_ABA,P_SCAN6,QUAL_SCAN_04,auto_asr_raw,ec2e4eaae7d58c6915ad4addff0852902d80295f5bbc41791234ece140885b7d,379127,16000,PCM_24,1.0,HASH_VERIFIED_COLLECTION_ONLY,UNAVAILABLE_NOT_ADMITTED,NOT_ADMITTED_WITHOUT_SEPARATE_C_ONLY_PROJECTION_REVIEW
C_ABA,P_SCAN6,QUAL_SCAN_04,auto_pp_raw,14a7e2167004272bffa6c8d367bc0074397e8ba7674c421848c799b484d4fcaa,379127,16000,PCM_24,1.0,HASH_VERIFIED_COLLECTION_ONLY,UNAVAILABLE_NOT_ADMITTED,NOT_ADMITTED_WITHOUT_SEPARATE_C_ONLY_PROJECTION_REVIEW
C_ABA,P_SCAN6,QUAL_SCAN_04,focus0_asr_raw,1b8e6c64a35b80f7313b46709bfc0d648eece958562e8c04c37829a501e4bf12,379127,16000,PCM_24,1.0,HASH_VERIFIED_COLLECTION_ONLY,UNAVAILABLE_NOT_ADMITTED,NOT_ADMITTED_WITHOUT_SEPARATE_C_ONLY_PROJECTION_REVIEW
C_ABA,P_SCAN6,QUAL_SCAN_04,focus1_asr_raw,5851ce4974d058f045688287cc65c1569fdb96300156b1d0f14fadf5b5e08195,379127,16000,PCM_24,1.0,HASH_VERIFIED_COLLECTION_ONLY,UNAVAILABLE_NOT_ADMITTED,NOT_ADMITTED_WITHOUT_SEPARATE_C_ONLY_PROJECTION_REVIEW
C_ABA,P_SCAN6,QUAL_SCAN_04,scan_asr_raw,cbdbe2017a099ce1cd5e9c345283d31dc7cc5664edc9733755c90ac3c72d4d28,379127,16000,PCM_24,1.0,HASH_VERIFIED_COLLECTION_ONLY,UNAVAILABLE_NOT_ADMITTED,NOT_ADMITTED_WITHOUT_SEPARATE_C_ONLY_PROJECTION_REVIEW
C_ABA,P_SCAN6,QUAL_SCAN_04,scan_pp_raw,04e1fdd573a6171b0287b45253e68057a5d761933712b51e37432c84c7f7abb5,379127,16000,PCM_24,1.0,HASH_VERIFIED_COLLECTION_ONLY,UNAVAILABLE_NOT_ADMITTED,NOT_ADMITTED_WITHOUT_SEPARATE_C_ONLY_PROJECTION_REVIEW
C_overlap,P_SCAN6,QUAL_SCAN_05,auto_asr_raw,546e64c4cda304ba7608be1e21c4e2a4c4f460435ef4388a03920ba5e167fc50,251148,16000,PCM_24,1.0,HASH_VERIFIED_COLLECTION_ONLY,UNAVAILABLE_NOT_ADMITTED,NOT_ADMITTED_WITHOUT_SEPARATE_C_ONLY_PROJECTION_REVIEW
C_overlap,P_SCAN6,QUAL_SCAN_05,auto_pp_raw,c7fcef19cac5d0c462ea970169def07a426f3b3e462d3fe585ec4b99bfb80b5a,251148,16000,PCM_24,1.0,HASH_VERIFIED_COLLECTION_ONLY,UNAVAILABLE_NOT_ADMITTED,NOT_ADMITTED_WITHOUT_SEPARATE_C_ONLY_PROJECTION_REVIEW
C_overlap,P_SCAN6,QUAL_SCAN_05,focus0_asr_raw,9d09ccc1c6e98b072485bc9565df8234e089e72da33a5bd84e7af5c7e772c342,251148,16000,PCM_24,1.0,HASH_VERIFIED_COLLECTION_ONLY,UNAVAILABLE_NOT_ADMITTED,NOT_ADMITTED_WITHOUT_SEPARATE_C_ONLY_PROJECTION_REVIEW
C_overlap,P_SCAN6,QUAL_SCAN_05,focus1_asr_raw,8dd1177bc56d1963a346ed7b12c7ef11368f54413755ad05f1bd6f55cd62305e,251148,16000,PCM_24,1.0,HASH_VERIFIED_COLLECTION_ONLY,UNAVAILABLE_NOT_ADMITTED,NOT_ADMITTED_WITHOUT_SEPARATE_C_ONLY_PROJECTION_REVIEW
C_overlap,P_SCAN6,QUAL_SCAN_05,scan_asr_raw,006909458a4ba43cf64093f8b38edc018e4ed46478bf542af37d137f86b782a7,251148,16000,PCM_24,1.0,HASH_VERIFIED_COLLECTION_ONLY,UNAVAILABLE_NOT_ADMITTED,NOT_ADMITTED_WITHOUT_SEPARATE_C_ONLY_PROJECTION_REVIEW
C_overlap,P_SCAN6,QUAL_SCAN_05,scan_pp_raw,598572816ec83f0143bd5d678ad388f65475cd7bffd701c322c22adec6027a8f,251148,16000,PCM_24,1.0,HASH_VERIFIED_COLLECTION_ONLY,UNAVAILABLE_NOT_ADMITTED,NOT_ADMITTED_WITHOUT_SEPARATE_C_ONLY_PROJECTION_REVIEW
C_overlap_source_swap,P_SCAN6,QUAL_SCAN_06,auto_asr_raw,5bbbd9b8fe9665d808c9b30b24788326203e0f25424c93a4ff7454eb5b9dcb0c,251148,16000,PCM_24,1.0,HASH_VERIFIED_COLLECTION_ONLY,UNAVAILABLE_NOT_ADMITTED,NOT_ADMITTED_WITHOUT_SEPARATE_C_ONLY_PROJECTION_REVIEW
C_overlap_source_swap,P_SCAN6,QUAL_SCAN_06,auto_pp_raw,28d2b458ca2fb0ea09ec3c60e1c65c6400b96b2e422724c08a5902a1b128dc1c,251148,16000,PCM_24,1.0,HASH_VERIFIED_COLLECTION_ONLY,UNAVAILABLE_NOT_ADMITTED,NOT_ADMITTED_WITHOUT_SEPARATE_C_ONLY_PROJECTION_REVIEW
C_overlap_source_swap,P_SCAN6,QUAL_SCAN_06,focus0_asr_raw,7c93faa88406451505c637c878861f3db0990bf3ac880a19c62c8c966017bbde,251148,16000,PCM_24,1.0,HASH_VERIFIED_COLLECTION_ONLY,UNAVAILABLE_NOT_ADMITTED,NOT_ADMITTED_WITHOUT_SEPARATE_C_ONLY_PROJECTION_REVIEW
C_overlap_source_swap,P_SCAN6,QUAL_SCAN_06,focus1_asr_raw,17ce1a4c90bce5729b7fbb78d0355e167a5c0b43dde306d3029026080f6f3d02,251148,16000,PCM_24,1.0,HASH_VERIFIED_COLLECTION_ONLY,UNAVAILABLE_NOT_ADMITTED,NOT_ADMITTED_WITHOUT_SEPARATE_C_ONLY_PROJECTION_REVIEW
C_overlap_source_swap,P_SCAN6,QUAL_SCAN_06,scan_asr_raw,61a51858a09fb9eca2a421eb3dc59a2265dffc5f75a91dd26ad6696caa77deb5,251148,16000,PCM_24,1.0,HASH_VERIFIED_COLLECTION_ONLY,UNAVAILABLE_NOT_ADMITTED,NOT_ADMITTED_WITHOUT_SEPARATE_C_ONLY_PROJECTION_REVIEW
C_overlap_source_swap,P_SCAN6,QUAL_SCAN_06,scan_pp_raw,b6723377660ec6c47955f83d2645d5dafacedac2d1ae68093125adeb97e85ad0,251148,16000,PCM_24,1.0,HASH_VERIFIED_COLLECTION_ONLY,UNAVAILABLE_NOT_ADMITTED,NOT_ADMITTED_WITHOUT_SEPARATE_C_ONLY_PROJECTION_REVIEW
C30_calibration_R04,P_SCAN6,C_CAL_SCAN_R04,auto_asr_raw,22990127e7f0134bbb5689874a41d3e1342adfd8011696e85c55be7597840dc8,2083127,16000,PCM_24,1.0,HASH_VERIFIED_COLLECTION_ONLY,UNAVAILABLE_NOT_ADMITTED,NOT_ADMITTED_WITHOUT_SEPARATE_C_ONLY_PROJECTION_REVIEW
C30_calibration_R04,P_SCAN6,C_CAL_SCAN_R04,auto_pp_raw,fc3337ede2bb222523b33f7e110b97781ea033004785eb1f219044e0a6b80a8d,2083127,16000,PCM_24,1.0,HASH_VERIFIED_COLLECTION_ONLY,UNAVAILABLE_NOT_ADMITTED,NOT_ADMITTED_WITHOUT_SEPARATE_C_ONLY_PROJECTION_REVIEW
C30_calibration_R04,P_SCAN6,C_CAL_SCAN_R04,focus0_asr_raw,b7390473a65902d135c95ba9c55b5240f5d466051518995b284798383356d0ff,2083127,16000,PCM_24,1.0,HASH_VERIFIED_COLLECTION_ONLY,UNAVAILABLE_NOT_ADMITTED,NOT_ADMITTED_WITHOUT_SEPARATE_C_ONLY_PROJECTION_REVIEW
C30_calibration_R04,P_SCAN6,C_CAL_SCAN_R04,focus1_asr_raw,16709c4514ad72d6c13c9172fabad5602be61f1023c279eb306424a802ab3e34,2083127,16000,PCM_24,1.0,HASH_VERIFIED_COLLECTION_ONLY,UNAVAILABLE_NOT_ADMITTED,NOT_ADMITTED_WITHOUT_SEPARATE_C_ONLY_PROJECTION_REVIEW
C30_calibration_R04,P_SCAN6,C_CAL_SCAN_R04,scan_asr_raw,ba03234ac50c7c108a79312ad79f6a1d1b6ffe9d79374d29b91e70d397a68cba,2083127,16000,PCM_24,1.0,HASH_VERIFIED_COLLECTION_ONLY,UNAVAILABLE_NOT_ADMITTED,NOT_ADMITTED_WITHOUT_SEPARATE_C_ONLY_PROJECTION_REVIEW
C30_calibration_R04,P_SCAN6,C_CAL_SCAN_R04,scan_pp_raw,cabf139296929517f1b8f20f53eb599852075a227baee2905f68965059af1aed,2083127,16000,PCM_24,1.0,HASH_VERIFIED_COLLECTION_ONLY,UNAVAILABLE_NOT_ADMITTED,NOT_ADMITTED_WITHOUT_SEPARATE_C_ONLY_PROJECTION_REVIEW
C30_calibration_R12,P_SCAN6,C_CAL_SCAN_R12,auto_asr_raw,8cf4e42796a03e8e0aac309ade4f52d276e9b55b234386bd73d8cb7e18060767,2083127,16000,PCM_24,1.0,HASH_VERIFIED_COLLECTION_ONLY,UNAVAILABLE_NOT_ADMITTED,NOT_ADMITTED_WITHOUT_SEPARATE_C_ONLY_PROJECTION_REVIEW
C30_calibration_R12,P_SCAN6,C_CAL_SCAN_R12,auto_pp_raw,14b557d1d6c66970425d360859c1e68c6ac6df663fde0b22ec36bd1677345b60,2083127,16000,PCM_24,1.0,HASH_VERIFIED_COLLECTION_ONLY,UNAVAILABLE_NOT_ADMITTED,NOT_ADMITTED_WITHOUT_SEPARATE_C_ONLY_PROJECTION_REVIEW
C30_calibration_R12,P_SCAN6,C_CAL_SCAN_R12,focus0_asr_raw,752a59c1cb45c0a1727357f43d3f27954e3441c1f1e3feabd36454e2bf9d3d5c,2083127,16000,PCM_24,1.0,HASH_VERIFIED_COLLECTION_ONLY,UNAVAILABLE_NOT_ADMITTED,NOT_ADMITTED_WITHOUT_SEPARATE_C_ONLY_PROJECTION_REVIEW
C30_calibration_R12,P_SCAN6,C_CAL_SCAN_R12,focus1_asr_raw,20e9d4bcc63197d5b5e7efd676892a8a2334f6bc79580afba940819fbf1be73e,2083127,16000,PCM_24,1.0,HASH_VERIFIED_COLLECTION_ONLY,UNAVAILABLE_NOT_ADMITTED,NOT_ADMITTED_WITHOUT_SEPARATE_C_ONLY_PROJECTION_REVIEW
C30_calibration_R12,P_SCAN6,C_CAL_SCAN_R12,scan_asr_raw,b9f791c2992fb8713200f797b0611bdf0f136cc1ff569cb62c6d0310270e727a,2083127,16000,PCM_24,1.0,HASH_VERIFIED_COLLECTION_ONLY,UNAVAILABLE_NOT_ADMITTED,NOT_ADMITTED_WITHOUT_SEPARATE_C_ONLY_PROJECTION_REVIEW
C30_calibration_R12,P_SCAN6,C_CAL_SCAN_R12,scan_pp_raw,79022f4d1b9ce08108f5b929a6b4203f1e9ecefb3c66aabf6ff936d9ff18f474,2083127,16000,PCM_24,1.0,HASH_VERIFIED_COLLECTION_ONLY,UNAVAILABLE_NOT_ADMITTED,NOT_ADMITTED_WITHOUT_SEPARATE_C_ONLY_PROJECTION_REVIEW
