case_id,family_id,family,room,corpora,quality_partitions,actor_ids,roles,historical_source_partition,reference_class,complete_reference,overlap,utterances,reference_words,scheduled_duration_s,prepared_frames,sample_rate_hz,channels,prepared_format,raw_format,capture_id,capture_minus_source_offset_samples,O0_sha256,O1_sha256,O0_gain_already_applied,O1_gain_already_applied,runtime_gain,original_normalized_transcripts,activity_reference,exact_word_timing,exact_phonetic_timing,punctuation_reference,metric_limitations,screen_48
S45_01_04,F01,Isolated speech and source-level controls,Library Conference Room,"[""HiFiTTS""]","[""other""]","[""HIFITTS_11614""]","[""target_or_conversation""]",development,complete_nonoverlap,True,False,3,32,45,715127,16000,1,PCM_16,PCM_24,canonical_20260909T044122_18b754,2705,b62a9af84ec19fc9bb6aba66026d97feb357d1f549eab5459dd53a743266e004,db418ef0d0e79a59a1d29af6a38ab947da8318519eb093caee0b5e903fdeb3af,1.4125375446227544,1.0,1.0,LOCAL_FULL_AUDIT,estimated 20ms grid; preserved source and mapping provenance,UNAVAILABLE,UNAVAILABLE,original source text only; not independent conversational gold,lexical scoring supported; timing/activity approximate,True
S45_01_07,F01,Isolated speech and source-level controls,Arise Kitchen Main Table,"[""CMU ARCTIC""]","[""studio_project_design""]","[""CMU_ARCTIC_aew""]","[""target_or_conversation""]",development,complete_nonoverlap,True,False,3,25,45,715127,16000,1,PCM_16,PCM_24,canonical_20260909T044122_18b754,2705,8a8080c327d5bf70ef0e7616a36befe995eff6bbdfbdb32b74332569c70dcc31,61169f9875d8d4df967348239a88c1f9f4134f0528f6f5c1289401a1566e020e,1.4125375446227544,1.0,1.0,LOCAL_FULL_AUDIT,estimated 20ms grid; preserved source and mapping provenance,UNAVAILABLE,UNAVAILABLE,original source text only; not independent conversational gold,lexical scoring supported; timing/activity approximate,True
S45_01_16,F01,Isolated speech and source-level controls,Arise Floor 2 Kitchen,"[""Common Voice""]","[""self_reported_60plus_real_recording""]","[""CV_6b5e3c9ca9030b7da6be""]","[""target_or_conversation""]",downstream_reserve,complete_nonoverlap,True,False,3,28,45,715127,16000,1,PCM_16,PCM_24,canonical_20260909T044122_18b754,2705,28998833fde4a079dbd5ba140c276d7a160ac9ca5be0dead7493084d31365ac8,3a098bee7f44119888cf56ea44dd38cbb41da65f6beddfc98643b5e281d0a396,1.4125375446227544,1.0,1.0,LOCAL_FULL_AUDIT,estimated 20ms grid; preserved source and mapping provenance,UNAVAILABLE,UNAVAILABLE,original source text only; not independent conversational gold,lexical scoring supported; timing/activity approximate,True
S45_01_20,F01,Isolated speech and source-level controls,Upper Loeb,"[""HiFiTTS""]","[""clean""]","[""HIFITTS_9017""]","[""target_or_conversation""]",downstream_reserve,complete_nonoverlap,True,False,3,33,45,715127,16000,1,PCM_16,PCM_24,canonical_20260909T044122_18b754,2705,f08969906c52bc8b3642c0a7ce8005e36f35360917211fab0c806151838b65c7,21192710164a2e833ead1505059e2ee12d02b83d1c62067ec418b03d66cffd49,1.4125375446227544,1.0,1.0,LOCAL_FULL_AUDIT,estimated 20ms grid; preserved source and mapping provenance,UNAVAILABLE,UNAVAILABLE,original source text only; not independent conversational gold,lexical scoring supported; timing/activity approximate,True
S45_02_08,F02,Returns and three-person sequential turns,Library Conference Room,"[""CMU ARCTIC""]","[""studio_project_design""]","[""CMU_ARCTIC_gka"", ""CMU_ARCTIC_jmk"", ""CMU_ARCTIC_ksp""]","[""target_or_conversation""]",development,complete_nonoverlap,True,False,4,45,45,715127,16000,1,PCM_16,PCM_24,canonical_20260909T044122_18b754,2705,838032ef24eac27b082740aef95498ae7267d27bd92cf607d1cf52353206c935,3d4654d0dc177d70373b86db48f9a516ace4f58cb7819196a5127bebf2e9cae8,1.4125375446227544,1.0,1.0,LOCAL_FULL_AUDIT,estimated 20ms grid; preserved source and mapping provenance,UNAVAILABLE,UNAVAILABLE,original source text only; not independent conversational gold,lexical scoring supported; timing/activity approximate,True
S45_02_14,F02,Returns and three-person sequential turns,Arise 5th floor low table,"[""CMU ARCTIC""]","[""studio_project_design""]","[""CMU_ARCTIC_aew"", ""CMU_ARCTIC_rms"", ""CMU_ARCTIC_slp""]","[""target_or_conversation""]",development,complete_nonoverlap,True,False,4,38,45,715127,16000,1,PCM_16,PCM_24,canonical_20260909T044122_18b754,2705,2f08f0f4576ea6fdade30dcd8f9606e521733130a51c7e4fe0cccccaa200d6e4,d07d3ba361f9b6da64c44595b5aba04bf241688ff83ad6de9b110c6d546cff0d,1.4125375446227544,1.0,1.0,LOCAL_FULL_AUDIT,estimated 20ms grid; preserved source and mapping provenance,UNAVAILABLE,UNAVAILABLE,original source text only; not independent conversational gold,lexical scoring supported; timing/activity approximate,True
S45_02_16,F02,Returns and three-person sequential turns,Arise Kitchen Main Table,"[""HiFiTTS""]","[""clean"", ""other""]","[""HIFITTS_8051"", ""HIFITTS_9017""]","[""target_or_conversation""]",downstream_reserve,complete_nonoverlap,True,False,4,40,45,715127,16000,1,PCM_16,PCM_24,canonical_20260909T044122_18b754,2705,912d08651ffb3fd35a20b14399fdf6faac4d08d90426fa1e3d0d31b01b8314c0,ce3e290a7842129d3bbec86d34838b7af8aeb18a668234fc323ada91be14cc42,1.4125375446227544,1.0,1.0,LOCAL_FULL_AUDIT,estimated 20ms grid; preserved source and mapping provenance,UNAVAILABLE,UNAVAILABLE,original source text only; not independent conversational gold,lexical scoring supported; timing/activity approximate,True
S45_02_18,F02,Returns and three-person sequential turns,Upper Loeb,"[""Common Voice""]","[""self_reported_60plus_real_recording""]","[""CV_5bb2ca9b27ebe4cea0b5"", ""CV_6780c1e3d0bfe13078f7"", ""CV_8c9d6f14b797c3ffeb85""]","[""target_or_conversation""]",development,complete_nonoverlap,True,False,4,26,45,715127,16000,1,PCM_16,PCM_24,canonical_20260909T044122_18b754,2705,19411dc1f5b3347222417a31447a863c44918e2733d87a81065377bd4ff94511,19b06573c665af2b83958d47105e332824c44c6e365b5a8bb9cd27dd0568725e,1.4125375446227544,1.0,1.0,LOCAL_FULL_AUDIT,estimated 20ms grid; preserved source and mapping provenance,UNAVAILABLE,UNAVAILABLE,original source text only; not independent conversational gold,lexical scoring supported; timing/activity approximate,True
S45_03_02,F03,Complete short replies and rapid handoffs,Library Conference Room,"[""Common Voice""]","[""self_reported_60plus_real_recording""]","[""CV_bc25d4fe155478871b18"", ""CV_c86d546169ef5ac0dbe9""]","[""target_or_conversation""]",development,complete_nonoverlap,True,False,6,37,45,715127,16000,1,PCM_16,PCM_24,canonical_20260909T044122_18b754,2705,3eaf3b0e70ba273fc1601d2c19de47e00233b40f670224e06356754dfe4f0050,a67b0c1993a761b088433b6827bc6f914e3788dfaae5d4a2618b62a44b178473,1.4125375446227544,1.0,1.0,LOCAL_FULL_AUDIT,estimated 20ms grid; preserved source and mapping provenance,UNAVAILABLE,UNAVAILABLE,original source text only; not independent conversational gold,lexical scoring supported; timing/activity approximate,True
S45_03_09,F03,Complete short replies and rapid handoffs,Arise Floor 2 Kitchen,"[""HiFiTTS""]","[""other""]","[""HIFITTS_6670"", ""HIFITTS_6671""]","[""target_or_conversation""]",development,complete_nonoverlap,True,False,6,15,45,715127,16000,1,PCM_16,PCM_24,canonical_20260909T044122_18b754,2705,325fc288930740ddce5bb6e2dbece90da406aa7a015934bf8997e90feee5e15b,b3925daba53afe3f7ce5d58c9b6d5ebb258d2551eb16710f35c3533946270e1c,1.4125375446227544,1.0,1.0,LOCAL_FULL_AUDIT,estimated 20ms grid; preserved source and mapping provenance,UNAVAILABLE,UNAVAILABLE,original source text only; not independent conversational gold,lexical scoring supported; timing/activity approximate,True
S45_03_16,F03,Complete short replies and rapid handoffs,Arise Kitchen Main Table,"[""CMU ARCTIC""]","[""studio_project_design""]","[""CMU_ARCTIC_axb"", ""CMU_ARCTIC_rxr""]","[""target_or_conversation""]",downstream_reserve,complete_nonoverlap,True,False,6,26,45,715127,16000,1,PCM_16,PCM_24,canonical_20260909T044122_18b754,2705,2d50779d27fb02d310b61b1e78c24679522f1e526bc6d9e62f9fae4fcc36da53,f44646b09ffa694b1e689dd0f226dbbfa013e0d6ebc4dca34341bfec07307207,1.4125375446227544,1.0,1.0,LOCAL_FULL_AUDIT,estimated 20ms grid; preserved source and mapping provenance,UNAVAILABLE,UNAVAILABLE,original source text only; not independent conversational gold,lexical scoring supported; timing/activity approximate,True
S45_03_18,F03,Complete short replies and rapid handoffs,Upper Loeb,"[""HiFiTTS""]","[""clean"", ""other""]","[""HIFITTS_12787"", ""HIFITTS_6097""]","[""target_or_conversation""]",development,complete_nonoverlap,True,False,6,11,45,715127,16000,1,PCM_16,PCM_24,canonical_20260909T044122_18b754,2705,cc86667245e94cdb516c63d0b32f6ff8e99c70f40d7231e68ac418f1270cab31,02dac291c3b31744bb5eb7fe4d9d19ed0d39930b2fa058547c1a7f693adf1403,1.4125375446227544,1.0,1.0,LOCAL_FULL_AUDIT,estimated 20ms grid; preserved source and mapping provenance,UNAVAILABLE,UNAVAILABLE,original source text only; not independent conversational gold,lexical scoring supported; timing/activity approximate,True
S45_04_09,F04,Two-talker overlap,Arise Kitchen Main Table,"[""CMU ARCTIC""]","[""studio_project_design""]","[""CMU_ARCTIC_bdl"", ""CMU_ARCTIC_clb""]","[""target_or_conversation""]",development,complete_overlap,True,True,3,33,45,715127,16000,1,PCM_16,PCM_24,canonical_20260909T044122_18b754,2705,cb32f5a833ab9f840f21688d77f08415cab645b53e47ac238c302a904b5864b4,d3e18d1fdac8f902918a71508ca444b62e39fc7179a90433327f469d8a33c440,1.4125375446227544,1.0,1.0,LOCAL_FULL_AUDIT,estimated 20ms grid; preserved source and mapping provenance,UNAVAILABLE,UNAVAILABLE,original source text only; not independent conversational gold,overlap: speaker/permutation lexical scoring; activity is estimated,True
S45_04_13,F04,Two-talker overlap,Arise Floor 2 Kitchen,"[""Common Voice""]","[""self_reported_60plus_real_recording""]","[""CV_0ec4d6799c8c83a9a047"", ""CV_2abbf1ec09fa0aeb6d9b""]","[""target_or_conversation""]",development,complete_overlap,True,True,3,38,45,715127,16000,1,PCM_16,PCM_24,canonical_20260909T044122_18b754,2705,1ffe73c8a408be2f3d7387e9de4de1794e4ae3b8e126d12262c0c070496343a0,73ea1ceba9877460f0f05073b67263b7f452599250b34915cc40f65dbe4debb0,1.4125375446227544,1.0,1.0,LOCAL_FULL_AUDIT,estimated 20ms grid; preserved source and mapping provenance,UNAVAILABLE,UNAVAILABLE,original source text only; not independent conversational gold,overlap: speaker/permutation lexical scoring; activity is estimated,True
S45_04_16,F04,Two-talker overlap,Library Conference Room,"[""Common Voice""]","[""self_reported_60plus_real_recording""]","[""CV_6b5e3c9ca9030b7da6be"", ""CV_cb8bbb33611dc9825ccf""]","[""target_or_conversation""]",downstream_reserve,complete_overlap,True,True,3,27,45,715127,16000,1,PCM_16,PCM_24,canonical_20260909T044122_18b754,2705,d53e9b111fc3ce883840193d484a387669f0f844ce030f7eea42e60358291e27,b5a6f4e5fcf5c5f6e9d635b89b6510bb7818f26c023bfb56427fd1a1cfddea68,1.4125375446227544,1.0,1.0,LOCAL_FULL_AUDIT,estimated 20ms grid; preserved source and mapping provenance,UNAVAILABLE,UNAVAILABLE,original source text only; not independent conversational gold,overlap: speaker/permutation lexical scoring; activity is estimated,True
S45_04_20,F04,Two-talker overlap,Upper Loeb,"[""HiFiTTS""]","[""clean"", ""other""]","[""HIFITTS_8051"", ""HIFITTS_9017""]","[""target_or_conversation""]",downstream_reserve,complete_overlap,True,True,3,29,45,715127,16000,1,PCM_16,PCM_24,canonical_20260909T044122_18b754,2705,ec2d1e0ea4ffdec5216db0f5f1eb1d583ae89bcd2d1b0cd1eb8ec8ba9d5bbea6,e7791bcafcd3424ebbc45742a5d3f5982fbd1563fa06bda82afbe4080cf67f81,1.4125375446227544,1.0,1.0,LOCAL_FULL_AUDIT,estimated 20ms grid; preserved source and mapping provenance,UNAVAILABLE,UNAVAILABLE,original source text only; not independent conversational gold,overlap: speaker/permutation lexical scoring; activity is estimated,True
S45_05_17,F05,Folded spatial and front/rear contrasts,Arise Floor 2 Kitchen,"[""CMU ARCTIC""]","[""studio_project_design""]","[""CMU_ARCTIC_awb"", ""CMU_ARCTIC_slt""]","[""target_or_conversation""]",downstream_reserve,complete_nonoverlap,True,False,3,30,45,715127,16000,1,PCM_16,PCM_24,canonical_20260909T044122_18b754,2705,e21d525c769d64f08436bfdcc86aa478bea3596c6ce7cf6ecbfd21183f44fe9e,a294a517fb5403345b31d525e9c8514f286fd4948f817e9c172be2720698e3ac,1.4125375446227544,1.0,1.0,LOCAL_FULL_AUDIT,estimated 20ms grid; preserved source and mapping provenance,UNAVAILABLE,UNAVAILABLE,original source text only; not independent conversational gold,lexical scoring supported; timing/activity approximate,True
S45_05_18,F05,Folded spatial and front/rear contrasts,Arise Floor 2 Kitchen,"[""CMU ARCTIC""]","[""studio_project_design""]","[""CMU_ARCTIC_awb"", ""CMU_ARCTIC_slt""]","[""target_or_conversation""]",downstream_reserve,complete_nonoverlap,True,False,3,30,45,715127,16000,1,PCM_16,PCM_24,canonical_20260909T044122_18b754,2705,d380803ee387605e1811e43e6de4341faf13f3bd9bbe6e9bef77b3e7e3b79a1f,c1a6a517099e0726e07ccc14e6505fc434200a6f1d6d975d2af2d4296d631589,1.4125375446227544,1.0,1.0,LOCAL_FULL_AUDIT,estimated 20ms grid; preserved source and mapping provenance,UNAVAILABLE,UNAVAILABLE,original source text only; not independent conversational gold,lexical scoring supported; timing/activity approximate,True
S45_05_19,F05,Folded spatial and front/rear contrasts,Upper Loeb,"[""HiFiTTS""]","[""other""]","[""HIFITTS_6670"", ""HIFITTS_6671""]","[""target_or_conversation""]",development,complete_nonoverlap,True,False,3,29,45,715127,16000,1,PCM_16,PCM_24,canonical_20260909T044122_18b754,2705,f644af4fedec87bdc3e5b6f17b7ba568bbf5d41b2109f1707d2a2c055e4b1ac8,f198218b0767557bfbc59f0e3f1391363567e57a0b78d5187e7cc6f132286fc2,1.4125375446227544,1.0,1.0,LOCAL_FULL_AUDIT,estimated 20ms grid; preserved source and mapping provenance,UNAVAILABLE,UNAVAILABLE,original source text only; not independent conversational gold,lexical scoring supported; timing/activity approximate,True
S45_05_20,F05,Folded spatial and front/rear contrasts,Upper Loeb,"[""HiFiTTS""]","[""other""]","[""HIFITTS_6670"", ""HIFITTS_6671""]","[""target_or_conversation""]",development,complete_nonoverlap,True,False,3,29,45,715127,16000,1,PCM_16,PCM_24,canonical_20260909T044122_18b754,2705,71d032cd184da76555762dab6ac289cab5d3844fc6eaea1c2fffe2bc35d28eca,6b2bd5b0c3aeac720a7882345672ea26eb770c2c3fcdc317d5f1ef008127a86f,1.4125375446227544,1.0,1.0,LOCAL_FULL_AUDIT,estimated 20ms grid; preserved source and mapping provenance,UNAVAILABLE,UNAVAILABLE,original source text only; not independent conversational gold,lexical scoring supported; timing/activity approximate,True
S45_06_05,F06,Silent relocation and long-paused return,Arise 5th floor low table,"[""Common Voice""]","[""self_reported_60plus_real_recording""]","[""CV_0ec4d6799c8c83a9a047"", ""CV_2abbf1ec09fa0aeb6d9b""]","[""target_or_conversation""]",development,complete_nonoverlap,True,False,3,39,45,715127,16000,1,PCM_16,PCM_24,canonical_20260909T044122_18b754,2705,c4df04a3e8bb60dedf308f4504841432459a8de42580781d35d1edb56e7fa691,774fc0b3309a0ef90e8be45765dc5363408b9993e0056eaa3faf7fd70e9bb2b6,1.4125375446227544,1.0,1.0,LOCAL_FULL_AUDIT,estimated 20ms grid; preserved source and mapping provenance,UNAVAILABLE,UNAVAILABLE,original source text only; not independent conversational gold,lexical scoring supported; timing/activity approximate,True
S45_06_09,F06,Silent relocation and long-paused return,Library Conference Room,"[""HiFiTTS""]","[""clean"", ""other""]","[""HIFITTS_12787"", ""HIFITTS_6097""]","[""target_or_conversation""]",development,complete_nonoverlap,True,False,3,37,45,715127,16000,1,PCM_16,PCM_24,canonical_20260909T044122_18b754,2705,6cb9ecbcf0eb7b29eee9a813499c74789c9ad2782ff3397fd3d4c045214223e1,e17555a41fcde4b57e6daa513f6bd2873f38d546e937c5a694203a07edad2ef6,1.4125375446227544,1.0,1.0,LOCAL_FULL_AUDIT,estimated 20ms grid; preserved source and mapping provenance,UNAVAILABLE,UNAVAILABLE,original source text only; not independent conversational gold,lexical scoring supported; timing/activity approximate,True
S45_06_16,F06,Silent relocation and long-paused return,Arise Floor 2 Kitchen,"[""CMU ARCTIC""]","[""studio_project_design""]","[""CMU_ARCTIC_axb"", ""CMU_ARCTIC_rxr""]","[""target_or_conversation""]",downstream_reserve,complete_nonoverlap,True,False,3,21,45,715127,16000,1,PCM_16,PCM_24,canonical_20260909T044122_18b754,2705,a66deea8e499c41f804056f9e169d028e1c3d889ef271fccff727c18238165b3,f638958ecb04bdf97a5c27db891ef267f6d5dbad5a9cf9a271e6e960e6fbefa4,1.4125375446227544,1.0,1.0,LOCAL_FULL_AUDIT,estimated 20ms grid; preserved source and mapping provenance,UNAVAILABLE,UNAVAILABLE,original source text only; not independent conversational gold,lexical scoring supported; timing/activity approximate,True
S45_06_19,F06,Silent relocation and long-paused return,Upper Loeb,"[""CMU ARCTIC""]","[""studio_project_design""]","[""CMU_ARCTIC_lnh"", ""CMU_ARCTIC_rms""]","[""target_or_conversation""]",development,complete_nonoverlap,True,False,3,21,45,715127,16000,1,PCM_16,PCM_24,canonical_20260909T044122_18b754,2705,a8a1c0343805b67a1f3fa4d5eabbf527e07ee5c388b592dae7254c9b84b98321,ea37ce7e42f6136ffeacb961c79c428e58de4361f0814aea8a129afa1c647d63,1.4125375446227544,1.0,1.0,LOCAL_FULL_AUDIT,estimated 20ms grid; preserved source and mapping provenance,UNAVAILABLE,UNAVAILABLE,original source text only; not independent conversational gold,lexical scoring supported; timing/activity approximate,True
S45_07_15,F07,Matched flat and upright,Arise Floor 2 Kitchen,"[""CMU ARCTIC""]","[""studio_project_design""]","[""CMU_ARCTIC_awb"", ""CMU_ARCTIC_slt""]","[""target_or_conversation""]",downstream_reserve,complete_nonoverlap,True,False,3,31,45,715127,16000,1,PCM_16,PCM_24,canonical_20260909T044122_18b754,2705,90a1e89e950b26b5a6d9729f8d8f96308e68e4c54b385d43460cd66996096321,e3a82167505ea1924a6b59fc2b6ed8d562992c20631188c6069d90a9e062b238,1.4125375446227544,1.0,1.0,LOCAL_FULL_AUDIT,estimated 20ms grid; preserved source and mapping provenance,UNAVAILABLE,UNAVAILABLE,original source text only; not independent conversational gold,lexical scoring supported; timing/activity approximate,True
S45_07_16,F07,Matched flat and upright,Arise Floor 2 Kitchen,"[""CMU ARCTIC""]","[""studio_project_design""]","[""CMU_ARCTIC_awb"", ""CMU_ARCTIC_slt""]","[""target_or_conversation""]",downstream_reserve,complete_nonoverlap,True,False,3,31,45,715127,16000,1,PCM_16,PCM_24,canonical_20260909T071736_0228fe,2705,a7c12080504f508c34f0e5c8c445412d7a6ed8e0de350a6320ebad0a13ad53d1,d9db840507056d40b7d23ee8dd9a24cc2075302c1b9066b4bb61d585a5382cf8,1.4125375446227544,1.0,1.0,LOCAL_FULL_AUDIT,estimated 20ms grid; preserved source and mapping provenance,UNAVAILABLE,UNAVAILABLE,original source text only; not independent conversational gold,lexical scoring supported; timing/activity approximate,True
S45_07_17,F07,Matched flat and upright,Upper Loeb,"[""HiFiTTS""]","[""clean"", ""other""]","[""HIFITTS_9136"", ""HIFITTS_92""]","[""target_or_conversation""]",development,complete_nonoverlap,True,False,3,28,45,715127,16000,1,PCM_16,PCM_24,canonical_20260909T071736_0228fe,2705,6a5f829a3896e487df07fd533628f7a7f9da45203509839d38f1ef84bd7b0333,0020bb93e064ce7e79ce983e6ecc491db026810dc7c87f46a7bf2c92fe6cf871,1.4125375446227544,1.0,1.0,LOCAL_FULL_AUDIT,estimated 20ms grid; preserved source and mapping provenance,UNAVAILABLE,UNAVAILABLE,original source text only; not independent conversational gold,lexical scoring supported; timing/activity approximate,True
S45_07_18,F07,Matched flat and upright,Upper Loeb,"[""HiFiTTS""]","[""clean"", ""other""]","[""HIFITTS_9136"", ""HIFITTS_92""]","[""target_or_conversation""]",development,complete_nonoverlap,True,False,3,28,45,715127,16000,1,PCM_16,PCM_24,canonical_20260909T071736_0228fe,2705,32f341676e94fc213acfe70a12610cc59fd186d8d85ee19844924927e018d718,851c6792bc24626d01b28fefccbe0ca7bc6bc2129a5a1f85f97b065d38cdab9d,1.4125375446227544,1.0,1.0,LOCAL_FULL_AUDIT,estimated 20ms grid; preserved source and mapping provenance,UNAVAILABLE,UNAVAILABLE,original source text only; not independent conversational gold,lexical scoring supported; timing/activity approximate,True
S45_08_09,F08,Matched clear and obstructed,Arise Floor 2 Kitchen,"[""Common Voice""]","[""self_reported_60plus_real_recording""]","[""CV_6780c1e3d0bfe13078f7"", ""CV_8c9d6f14b797c3ffeb85""]","[""target_or_conversation""]",development,complete_nonoverlap,True,False,3,15,45,715127,16000,1,PCM_16,PCM_24,canonical_20260909T071736_0228fe,2705,b9dd5ad14e3bb94fc34b40b910484c3201a6e3a307eb19e14727036df0f81224,60d01740cc98eefc2506178dcc23c883f84c89ebd039bbf4cf47f468947c2075,1.4125375446227544,1.0,1.0,LOCAL_FULL_AUDIT,estimated 20ms grid; preserved source and mapping provenance,UNAVAILABLE,UNAVAILABLE,original source text only; not independent conversational gold,lexical scoring supported; timing/activity approximate,True
S45_08_10,F08,Matched clear and obstructed,Arise Floor 2 Kitchen,"[""Common Voice""]","[""self_reported_60plus_real_recording""]","[""CV_6780c1e3d0bfe13078f7"", ""CV_8c9d6f14b797c3ffeb85""]","[""target_or_conversation""]",development,complete_nonoverlap,True,False,3,15,45,715127,16000,1,PCM_16,PCM_24,canonical_20260909T071736_0228fe,2705,b17e01dbd7ba1b8db3191ada5eda8edaf0f23bafe02dacef924d91526896902e,825db9a3014a353f36568b20f4cfd9cd76b49f442bb9608b27ac6cb4307a30bc,1.4125375446227544,1.0,1.0,LOCAL_FULL_AUDIT,estimated 20ms grid; preserved source and mapping provenance,UNAVAILABLE,UNAVAILABLE,original source text only; not independent conversational gold,lexical scoring supported; timing/activity approximate,True
S45_08_19,F08,Matched clear and obstructed,Arise Floor 2 Kitchen,"[""HiFiTTS""]","[""clean"", ""other""]","[""HIFITTS_8051"", ""HIFITTS_9017""]","[""target_or_conversation""]",downstream_reserve,complete_nonoverlap,True,False,3,18,45,715127,16000,1,PCM_16,PCM_24,canonical_20260909T071736_0228fe,2705,d423dfcc9674f5d050b04af1af24178cebacf3be96ba2b8300c1822c39256a00,dbe78319ffe8fcf0a4b2b538311efdca7e9b526379f95bd21bbede614efae6f0,1.4125375446227544,1.0,1.0,LOCAL_FULL_AUDIT,estimated 20ms grid; preserved source and mapping provenance,UNAVAILABLE,UNAVAILABLE,original source text only; not independent conversational gold,lexical scoring supported; timing/activity approximate,True
S45_08_20,F08,Matched clear and obstructed,Arise Floor 2 Kitchen,"[""HiFiTTS""]","[""clean"", ""other""]","[""HIFITTS_8051"", ""HIFITTS_9017""]","[""target_or_conversation""]",downstream_reserve,complete_nonoverlap,True,False,3,18,45,715127,16000,1,PCM_16,PCM_24,canonical_20260909T071736_0228fe,2705,f4be0a09a6db0b00a457750c0fbb0081dfc4149827faa5d5690fee4a304e12cd,71a543051579f281417e1f5601946b1acab512be78e5062ba1019a607b601873,1.4125375446227544,1.0,1.0,LOCAL_FULL_AUDIT,estimated 20ms grid; preserved source and mapping provenance,UNAVAILABLE,UNAVAILABLE,original source text only; not independent conversational gold,lexical scoring supported; timing/activity approximate,True
S45_09_01,F09,Near table speech and distant outsider,Arise 5th floor low table,"[""CMU ARCTIC""]","[""studio_project_design""]","[""CMU_ARCTIC_gka"", ""CMU_ARCTIC_jmk""]","[""background_talker"", ""target_or_conversation""]",development,complete_overlap,True,True,3,32,45,715127,16000,1,PCM_16,PCM_24,canonical_20260909T044122_18b754,2705,30370c501f3346c21adec50d7edc3d570384be264eef06f582aa477b7ca9ff47,132de57e894495ad55f74c8625206f11b28bc56dccdd312d0378cc1c120b1ad2,1.4125375446227544,1.0,1.0,LOCAL_FULL_AUDIT,estimated 20ms grid; preserved source and mapping provenance,UNAVAILABLE,UNAVAILABLE,original source text only; not independent conversational gold,overlap: speaker/permutation lexical scoring; activity is estimated,True
S45_09_08,F09,Near table speech and distant outsider,Arise Kitchen Main Table,"[""Common Voice""]","[""self_reported_60plus_real_recording""]","[""CV_e2570918d433fe70613d"", ""CV_f82fc5dd15117edcfe9a""]","[""background_talker"", ""target_or_conversation""]",development,complete_overlap,True,True,3,32,45,715127,16000,1,PCM_16,PCM_24,canonical_20260909T071736_0228fe,2705,1475839be2b459f2bf8dd0222b0b07c0318210ff6d126fc4f30bbc01e336eef1,126381e4e8f559e6dcaddb3b180ba789d4b1b3ed11b6cff82b8c22c4afa653a9,1.4125375446227544,1.0,1.0,LOCAL_FULL_AUDIT,estimated 20ms grid; preserved source and mapping provenance,UNAVAILABLE,UNAVAILABLE,original source text only; not independent conversational gold,overlap: speaker/permutation lexical scoring; activity is estimated,True
S45_09_15,F09,Near table speech and distant outsider,Arise Kitchen Main Table,"[""HiFiTTS""]","[""clean"", ""other""]","[""HIFITTS_9136"", ""HIFITTS_92""]","[""background_talker"", ""target_or_conversation""]",development,complete_overlap,True,True,3,19,45,715127,16000,1,PCM_16,PCM_24,canonical_20260909T071736_0228fe,2705,41531fba132b3307e6cdf4b3240c4eae3c283ed35dcbc15cc96c9f84f267db0f,c27783f5a71e497b3438dcfa520fcddfcdce125f3f7d0effe87a0eb9c08fdb6b,1.4125375446227544,1.0,1.0,LOCAL_FULL_AUDIT,estimated 20ms grid; preserved source and mapping provenance,UNAVAILABLE,UNAVAILABLE,original source text only; not independent conversational gold,overlap: speaker/permutation lexical scoring; activity is estimated,True
S45_09_20,F09,Near table speech and distant outsider,Arise Kitchen Main Table,"[""Common Voice""]","[""self_reported_60plus_real_recording""]","[""CV_6b5e3c9ca9030b7da6be"", ""CV_cb8bbb33611dc9825ccf""]","[""background_talker"", ""target_or_conversation""]",downstream_reserve,complete_overlap,True,True,3,26,45,715127,16000,1,PCM_16,PCM_24,canonical_20260909T071736_0228fe,2705,285698d13cb27206d8d106992b6a0cfade37ae2e8fd1bbee8b393fc1ed3bd679,9ff37bc5e258009fe66ba6e7ac0b1fcf728679dbbfc5fefca4b82da9e1bdf7c2,1.4125375446227544,1.0,1.0,LOCAL_FULL_AUDIT,estimated 20ms grid; preserved source and mapping provenance,UNAVAILABLE,UNAVAILABLE,original source text only; not independent conversational gold,overlap: speaker/permutation lexical scoring; activity is estimated,True
S45_10_01,F10,Localized nonspeech and transients,Arise 5th floor low table,"[""Common Voice""]","[""self_reported_60plus_real_recording""]","[""CV_6780c1e3d0bfe13078f7"", ""CV_8c9d6f14b797c3ffeb85""]","[""target_or_conversation""]",development,incomplete_ambient_reference,False,False,3,17,45,715127,16000,1,PCM_16,PCM_24,canonical_20260909T044122_18b754,2705,d95c95940753f1699deea6419119b6b5ebffadda534182af440b31e5dca5a126,fada82b424186c26785392122a584ba10ff80d6db837e041b178606b2374b2c6,1.4125375446227544,1.0,1.0,LOCAL_FULL_AUDIT,estimated 20ms grid; preserved source and mapping provenance,UNAVAILABLE,UNAVAILABLE,original source text only; not independent conversational gold,incomplete all-speaker truth: target-conditioned lexical scoring only,True
S45_10_06,F10,Localized nonspeech and transients,Arise Kitchen Main Table,"[""HiFiTTS""]","[""other""]","[""HIFITTS_11614"", ""HIFITTS_11697""]","[""target_or_conversation""]",development,incomplete_ambient_reference,False,False,3,31,45,715127,16000,1,PCM_16,PCM_24,canonical_20260909T071736_0228fe,2705,9253037755a9d9ecc3ece36a36b1c90f88eeb8b5b12f6efdee608a25daca0ba0,a6a7a6ed3ef50e43ac13b368a55fcecd9ae17bbad7b987b5420fa4ad2248cf2e,1.4125375446227544,1.0,1.0,LOCAL_FULL_AUDIT,estimated 20ms grid; preserved source and mapping provenance,UNAVAILABLE,UNAVAILABLE,original source text only; not independent conversational gold,incomplete all-speaker truth: target-conditioned lexical scoring only,True
S45_10_08,F10,Localized nonspeech and transients,Arise Floor 2 Kitchen,"[""CMU ARCTIC""]","[""studio_project_design""]","[""CMU_ARCTIC_eey"", ""CMU_ARCTIC_fem""]","[""target_or_conversation""]",development,incomplete_ambient_reference,False,False,3,27,45,715127,16000,1,PCM_16,PCM_24,canonical_20260909T071736_0228fe,2705,a550e64ba4297151484be72cd74f0057364dfd9d922f48a012487f6e9195c879,1b0648d68e3fa542fb6797a5fec84f77445854b19bcd4014a41fdd4a2c1b96d7,1.4125375446227544,1.0,1.0,LOCAL_FULL_AUDIT,estimated 20ms grid; preserved source and mapping provenance,UNAVAILABLE,UNAVAILABLE,original source text only; not independent conversational gold,incomplete all-speaker truth: target-conditioned lexical scoring only,True
S45_10_20,F10,Localized nonspeech and transients,Upper Loeb,"[""HiFiTTS""]","[""clean"", ""other""]","[""HIFITTS_8051"", ""HIFITTS_9017""]","[""target_or_conversation""]",downstream_reserve,incomplete_ambient_reference,False,False,3,33,45,715127,16000,1,PCM_16,PCM_24,canonical_20260909T071736_0228fe,2705,a4a94532c639ade07f4fc9965a53c83152d71c471c504083046289325760bb56,3db42273d7674f5ce75e7ccceb1d9229b1f0a5201a68c065e50cacc864392a84,1.4125375446227544,1.0,1.0,LOCAL_FULL_AUDIT,estimated 20ms grid; preserved source and mapping provenance,UNAVAILABLE,UNAVAILABLE,original source text only; not independent conversational gold,incomplete all-speaker truth: target-conditioned lexical scoring only,True
S45_11_08,F11,Multipoint ambience babble and music proxies,Arise Kitchen Main Table,"[""CMU ARCTIC""]","[""studio_project_design""]","[""CMU_ARCTIC_aew"", ""CMU_ARCTIC_slp""]","[""background_talker"", ""target_or_conversation""]",development,incomplete_ambient_reference,False,False,4,35,45,715127,16000,1,PCM_16,PCM_24,canonical_20260909T071736_0228fe,2705,0ee725685487a4824ea0a54f75f08f0f529c6582b04964944a4dfc9fb017e92e,e05ead2b2316764c535e3abc9e09610cf6e1d51ce80106d725ca6a9feef8fd19,1.4125375446227544,1.0,1.0,LOCAL_FULL_AUDIT,estimated 20ms grid; preserved source and mapping provenance,UNAVAILABLE,UNAVAILABLE,original source text only; not independent conversational gold,incomplete all-speaker truth: target-conditioned lexical scoring only,True
S45_11_15,F11,Multipoint ambience babble and music proxies,Arise 5th floor low table,"[""Common Voice""]","[""self_reported_60plus_real_recording""]","[""CV_bc25d4fe155478871b18"", ""CV_c86d546169ef5ac0dbe9""]","[""background_talker"", ""target_or_conversation""]",development,complete_nonoverlap,True,False,4,34,45,715127,16000,1,PCM_16,PCM_24,canonical_20260909T071736_0228fe,2705,febf67c3edd379e3ae4cf715e60a3e709dfac32939a60b9b3f9740407b922e00,100e45472208b4c91e9a31314134380fc1f80626ac0cc2bee322dde7686a23c4,1.4125375446227544,1.0,1.0,LOCAL_FULL_AUDIT,estimated 20ms grid; preserved source and mapping provenance,UNAVAILABLE,UNAVAILABLE,original source text only; not independent conversational gold,lexical scoring supported; timing/activity approximate,True
S45_11_16,F11,Multipoint ambience babble and music proxies,Arise Floor 2 Kitchen,"[""HiFiTTS""]","[""clean"", ""other""]","[""HIFITTS_8051"", ""HIFITTS_9017""]","[""background_talker"", ""target_or_conversation""]",downstream_reserve,complete_overlap,True,True,4,41,45,715127,16000,1,PCM_16,PCM_24,canonical_20260909T071736_0228fe,2705,d52aad8225723bf483df66aa4293e7ece83e07e609916c6e18a56622ffd3babd,930ba98a65ce2e5109f976afc195a1bb4bb5fc7fddf5b85810592ca325840306,1.4125375446227544,1.0,1.0,LOCAL_FULL_AUDIT,estimated 20ms grid; preserved source and mapping provenance,UNAVAILABLE,UNAVAILABLE,original source text only; not independent conversational gold,overlap: speaker/permutation lexical scoring; activity is estimated,True
S45_11_20,F11,Multipoint ambience babble and music proxies,Upper Loeb,"[""CMU ARCTIC""]","[""studio_project_design""]","[""CMU_ARCTIC_awb"", ""CMU_ARCTIC_slt""]","[""background_talker"", ""target_or_conversation""]",downstream_reserve,incomplete_ambient_reference,False,False,4,35,45,715127,16000,1,PCM_16,PCM_24,canonical_20260909T071736_0228fe,2705,bada32ce2d850feb7eabf959b78694e0850812628fe8249d255b616969c4b317,b39dd95617913f2394cdaff7407f992ef3fcd25bbbc9c2422ffeaa641b0a9790,1.4125375446227544,1.0,1.0,LOCAL_FULL_AUDIT,estimated 20ms grid; preserved source and mapping provenance,UNAVAILABLE,UNAVAILABLE,original source text only; not independent conversational gold,incomplete all-speaker truth: target-conditioned lexical scoring only,True
S45_12_02,F12,Noise-only silence and paired speech-in-noise,Arise Kitchen Main Table,"[""CMU ARCTIC""]","[""studio_project_design""]","[""CMU_ARCTIC_eey"", ""CMU_ARCTIC_fem""]","[""target_or_conversation""]",development,complete_nonoverlap,True,False,3,30,45,715127,16000,1,PCM_16,PCM_24,canonical_20260909T071736_0228fe,2705,5b3e285752eaa10176f6fb86166c01445d1890406244e6fe4a173663bb1a5f90,cc75cde3412c105d7004f6a274385870ecd29cff91cbe38706b3e4f22364c161,1.4125375446227544,1.0,1.0,LOCAL_FULL_AUDIT,estimated 20ms grid; preserved source and mapping provenance,UNAVAILABLE,UNAVAILABLE,original source text only; not independent conversational gold,lexical scoring supported; timing/activity approximate,True
S45_12_04,F12,Noise-only silence and paired speech-in-noise,Library Conference Room,"[""HiFiTTS""]","[""clean"", ""other""]","[""HIFITTS_9136"", ""HIFITTS_92""]","[""target_or_conversation""]",development,complete_nonoverlap,True,False,3,33,45,715127,16000,1,PCM_16,PCM_24,canonical_20260909T071736_0228fe,2705,e2ad03223e9d3cf033ea0988dbfc04cc597cf35d8b4986ebd3cfe8f7b07a1c07,afbe4d9e39bcd657793f31aa6d88cdfdb7a33ddda7a6c6cbc93f3b46331e645a,1.4125375446227544,1.0,1.0,LOCAL_FULL_AUDIT,estimated 20ms grid; preserved source and mapping provenance,UNAVAILABLE,UNAVAILABLE,original source text only; not independent conversational gold,lexical scoring supported; timing/activity approximate,True
S45_12_06,F12,Noise-only silence and paired speech-in-noise,Arise Floor 2 Kitchen,"[""Common Voice""]","[""self_reported_60plus_real_recording""]","[""CV_e2570918d433fe70613d"", ""CV_f82fc5dd15117edcfe9a""]","[""target_or_conversation""]",development,complete_nonoverlap,True,False,3,23,45,715127,16000,1,PCM_16,PCM_24,canonical_20260909T071736_0228fe,2705,fcd4605c9980b0698da8139034da80ccd005e1d9a70460c32d563c164fc880bf,bb65b1ab16210ed24476f6c0314d241c1509fb81d0fb022ea4c0fc987692dd45,1.4125375446227544,1.0,1.0,LOCAL_FULL_AUDIT,estimated 20ms grid; preserved source and mapping provenance,UNAVAILABLE,UNAVAILABLE,original source text only; not independent conversational gold,lexical scoring supported; timing/activity approximate,True
S45_12_20,F12,Noise-only silence and paired speech-in-noise,Upper Loeb,[],[],[],[],downstream_reserve,empty_control,True,False,0,0,45,715127,16000,1,PCM_16,PCM_24,canonical_20260909T092513_e2c129,2706,c96ee8c13087efaf5382627b6590c032d9196540d752de7bd81a2dae0786eeaf,b7e71ae15acb9c5d0982c861602b2e3bdb8c3feb2b592d28913026cec1603b45,1.4125375446227544,1.0,1.0,LOCAL_FULL_AUDIT,estimated 20ms grid; preserved source and mapping provenance,UNAVAILABLE,UNAVAILABLE,original source text only; not independent conversational gold,empty: insertion/hallucination controls only; no WER denominator,True
